rs_image,rs_onnx_conf,rs_onnx_pred,rs_onnx_time_ms
Image_732.jpg,0.95591235,20,7.5153
Image_1839.jpg,0.9506052,21,2.6847
Image_2142.jpg,0.99296004,45,2.7363
Image_502.jpg,0.98927313,6,2.6557
Image_1239.jpg,0.99342996,13,2.6717
Image_607.jpg,0.8419102,0,2.6616
Image_2676.jpg,0.92489344,16,2.6933
Image_1281.jpg,0.9492554,36,3.4151
Image_947.jpg,0.99806744,41,3.4956
Image_96.jpg,0.99355423,6,2.6782
Image_882.jpg,0.935913,34,3.0975
Image_109.jpg,0.9919423,3,9.0646
Image_1734.jpg,0.22560948,65,2.6490
Image_2718.jpg,0.8666999,23,2.6693
Image_1826.jpg,0.81113225,39,2.6654
Image_1088.jpg,0.95051783,16,4.5644
Image_2107.jpg,0.68981206,68,6.5401
Image_1333.jpg,0.48109052,21,3.2167
Image_2155.jpg,0.98638433,40,2.7309
Image_1559.jpg,0.9636864,23,4.2952
Image_329.jpg,0.9705664,53,3.6958
Image_1611.jpg,0.9732112,51,4.5035
Image_1479.jpg,0.7432319,22,9.4476
Image_2458.jpg,0.98730916,51,2.8994
Image_598.jpg,0.8941715,35,2.6826
Image_1624.jpg,0.47576037,7,2.6415
Image_19.jpg,0.99331206,28,2.7375
Image_1341.jpg,0.96806204,64,3.4542
Image_825.jpg,0.97237825,53,9.4868
Image_771.jpg,0.8601515,67,5.1764
Image_995.jpg,0.9486405,61,2.8765
Image_583.jpg,0.58055645,25,2.6557
Image_1194.jpg,0.9867279,9,2.6736
Image_1546.jpg,0.7830418,21,8.7282
Image_997.jpg,0.99181247,7,2.7541
Image_98.jpg,0.4540144,27,2.6919
Image_2070.jpg,0.9875508,61,2.6868
Image_463.jpg,0.714144,19,2.6157
Image_264.jpg,0.951993,44,3.9407
Image_2066.jpg,0.9914744,65,2.7345
Image_2072.jpg,0.9893211,58,3.0621
Image_2259.jpg,0.99453086,20,3.4871
Image_1983.jpg,0.92703265,35,6.9556
Image_1373.jpg,0.88443196,36,2.6617
Image_2161.jpg,0.9973291,52,2.6742
Image_1193.jpg,0.8199931,44,2.6694
Image_2052.jpg,0.99078476,48,2.8391
Image_1843.jpg,0.92298627,67,2.7502
Image_2616.jpg,0.720578,19,2.8971
Image_2484.jpg,0.99401075,74,2.6912
Image_2166.jpg,0.5305196,25,2.6397
Image_838.jpg,0.9911015,9,2.6595
Image_177.jpg,0.9060243,64,2.6411
Image_90.jpg,0.712605,28,2.6277
Image_1530.jpg,0.76621807,66,2.6580
Image_162.jpg,0.9298965,45,2.6888
Image_1680.jpg,0.86614174,19,3.7854
Image_1884.jpg,0.82973784,17,3.4791
Image_183.jpg,0.60540915,27,5.2653
Image_181.jpg,0.99181575,6,2.9443
Image_207.jpg,0.7052881,2,3.4737
Image_2276.jpg,0.9872469,13,9.2460
Image_2297.jpg,0.9946517,29,2.8011
Image_1070.jpg,0.8098104,46,8.8469
Image_2354.jpg,0.91746336,68,2.7568
Image_743.jpg,0.88318217,2,2.7251
Image_2001.jpg,0.963679,17,2.6912
Image_280.jpg,0.9954906,15,3.7680
Image_836.jpg,0.7478794,4,3.0656
Image_562.jpg,0.9956321,40,2.8345
Image_1887.jpg,0.7672245,19,2.6914
Image_1999.jpg,0.9769965,62,3.6518
Image_2274.jpg,0.81994563,11,7.9734
Image_2.jpg,0.9483024,24,2.6645
Image_1934.jpg,0.83221614,4,2.6370
Image_2207.jpg,0.86418265,50,2.6372
Image_1272.jpg,0.97862566,21,2.6669
Image_1890.jpg,0.7424319,64,2.6436
Image_1183.jpg,0.99555784,59,2.7088
Image_500.jpg,0.99582565,52,2.6508
Image_2756.jpg,0.97400856,5,2.6696
Image_2082.jpg,0.77160287,34,2.6457
Image_2537.jpg,0.94343036,50,2.7189
Image_701.jpg,0.8769375,28,2.8832
Image_355.jpg,0.97931105,12,2.9377
Image_2588.jpg,0.9648748,16,2.6678
Image_2626.jpg,0.6493016,69,2.9892
Image_1474.jpg,0.9888582,29,2.8954
Image_2280.jpg,0.6788378,31,2.7083
Image_20.jpg,0.93992114,21,2.7127
Image_1946.jpg,0.9489036,41,9.5871
Image_917.jpg,0.9444518,63,2.6628
Image_1573.jpg,0.485929,40,2.6367
Image_640.jpg,0.98674077,42,2.6689
Image_7.jpg,0.9926886,50,2.6734
Image_948.jpg,0.984385,70,2.6760
Image_1737.jpg,0.74918574,63,2.7193
Image_682.jpg,0.905766,26,2.6430
Image_689.jpg,0.96429396,34,3.7670
Image_726.jpg,0.9744882,6,3.3147
Image_2310.jpg,0.9942756,6,3.5463
Image_64.jpg,0.94967794,29,5.9883
Image_1714.jpg,0.9833061,10,13.7482
Image_1914.jpg,0.56561095,27,4.0293
Image_1907.jpg,0.39827967,21,2.6590
Image_123.jpg,0.43738046,69,2.6221
Image_2036.jpg,0.98114693,70,2.6353
Image_1195.jpg,0.980452,39,2.6509
Image_1499.jpg,0.99399066,14,2.8152
Image_210.jpg,0.9896876,18,2.6892
Image_2637.jpg,0.90880436,8,2.6971
Image_2544.jpg,0.8020377,25,2.6549
Image_1096.jpg,0.39151207,20,2.9522
Image_1684.jpg,0.9786831,41,2.6502
Image_124.jpg,0.89924175,23,2.6448
Image_2191.jpg,0.99248636,58,2.6407
Image_2643.jpg,0.8801179,30,2.7745
Image_1489.jpg,0.96831447,6,2.6960
Image_1075.jpg,0.9720561,4,2.8402
Image_1822.jpg,0.9978204,61,2.9189
Image_1975.jpg,0.9430973,51,2.6509
Image_629.jpg,0.9854602,64,2.7944
Image_564.jpg,0.96917063,40,3.6325
Image_93.jpg,0.40114266,34,3.3656
Image_1508.jpg,0.98412275,53,8.1351
Image_914.jpg,0.54231405,38,2.7002
Image_383.jpg,0.82378113,69,3.7484
Image_1293.jpg,0.7066797,30,3.1708
Image_2154.jpg,0.98868215,33,2.6674
Image_11.jpg,0.9926109,1,8.8472
Image_2698.jpg,0.9841781,12,2.8602
Image_943.jpg,0.7056838,57,2.6254
Image_933.jpg,0.94994736,23,2.7008
Image_2491.jpg,0.41964823,22,2.6614
Image_1022.jpg,0.86475843,0,2.6479
Image_1485.jpg,0.9765257,34,2.7394
Image_790.jpg,0.98096746,67,2.6404
Image_1197.jpg,0.9730568,59,2.6388
Image_1451.jpg,0.99421084,4,2.6486
Image_1630.jpg,0.98162776,5,2.6426
Image_1429.jpg,0.45152757,30,3.0404
Image_1787.jpg,0.49181506,23,2.6909
Image_725.jpg,0.85097486,45,3.1410
Image_1593.jpg,0.47401717,19,3.2607
Image_79.jpg,0.9924406,4,2.6448
Image_2521.jpg,0.70638514,19,2.9506
Image_42.jpg,0.9833334,70,2.8003
Image_587.jpg,0.946705,23,6.0217
Image_266.jpg,0.9283963,10,6.1991
Image_1565.jpg,0.9926472,9,4.0033
Image_1360.jpg,0.9806667,32,2.6477
Image_634.jpg,0.98911965,20,3.4455
Image_22.jpg,0.87107724,41,6.1291
Image_2086.jpg,0.9323931,26,4.7177
Image_1344.jpg,0.87543094,44,3.0688
Image_1794.jpg,0.947927,63,3.6326
Image_1404.jpg,0.88055545,13,2.6974
Image_2553.jpg,0.96172845,0,2.6782
Image_2692.jpg,0.99437815,10,3.0066
Image_6.jpg,0.8160071,66,3.6136
Image_869.jpg,0.8821247,49,6.1821
Image_2381.jpg,0.99107367,41,4.6015
Image_775.jpg,0.4582801,19,2.6686
Image_444.jpg,0.36197048,17,3.2526
Image_2552.jpg,0.9947208,42,2.8984
Image_1081.jpg,0.97854316,50,2.7023
Image_2603.jpg,0.52994967,32,2.7220
Image_968.jpg,0.9527456,63,3.9645
Image_1594.jpg,0.8745259,44,5.7378
Image_1898.jpg,0.9759941,39,3.6923
Image_1896.jpg,0.8041024,40,2.6475
Image_1944.jpg,0.95618695,20,2.6311
Image_2081.jpg,0.53149587,10,3.3545
Image_2683.jpg,0.80644363,34,2.8579
Image_2730.jpg,0.58876675,21,4.2846
Image_2670.jpg,0.48837158,25,4.0608
Image_569.jpg,0.98943114,16,3.6756
Image_966.jpg,0.83548933,7,2.7254
Image_386.jpg,0.46380305,38,2.6715
Image_708.jpg,0.94479287,4,2.6583
Image_748.jpg,0.92766047,19,2.6738
Image_1904.jpg,0.98406637,24,2.7456
Image_1133.jpg,0.9166511,72,2.7416
Image_1270.jpg,0.79384434,19,2.7031
Image_801.jpg,0.79363877,33,3.9097
Image_1252.jpg,0.9639572,67,4.6988
Image_1370.jpg,0.9635176,18,4.7678
Image_318.jpg,0.49726978,26,3.5596
Image_1698.jpg,0.828037,11,9.1542
Image_1210.jpg,0.98380893,17,9.0743
Image_2139.jpg,0.9610516,66,2.7731
Image_1709.jpg,0.9456775,72,2.7041
Image_1818.jpg,0.5760541,27,2.6395
Image_1744.jpg,0.95094866,10,2.6549
Image_1913.jpg,0.727846,50,2.6850
Image_1695.jpg,0.9914324,41,2.7709
Image_1211.jpg,0.5878399,56,3.0822
Image_1548.jpg,0.92846346,35,3.7574
Image_1867.jpg,0.9854032,0,8.2318
Image_1298.jpg,0.9758863,63,2.6585
Image_275.jpg,0.9800755,56,2.6746
Image_2408.jpg,0.93225175,18,2.6578
Image_2251.jpg,0.9874621,7,2.6648
Image_1776.jpg,0.9508696,62,2.6694
Image_1569.jpg,0.994833,3,2.7354
Image_2024.jpg,0.9626103,48,3.0974
Image_384.jpg,0.88680154,3,2.6506
Image_122.jpg,0.14694664,33,2.6415
Image_1233.jpg,0.6013332,69,2.6566
Image_1505.jpg,0.29676098,21,2.6793
Image_770.jpg,0.9945064,1,2.6585
Image_953.jpg,0.64107084,31,2.6586
Image_339.jpg,0.64995086,55,2.6932
Image_195.jpg,0.9707053,71,2.9376
Image_1469.jpg,0.960294,5,2.6643
Image_552.jpg,0.9164852,61,2.6658
Image_1610.jpg,0.7577735,5,2.6713
Image_493.jpg,0.9186014,10,2.6708
Image_1784.jpg,0.3700458,60,2.6477
Image_1763.jpg,0.5830646,52,4.1372
Image_1851.jpg,0.98313993,16,2.6963
Image_1864.jpg,0.9695821,6,2.9414
Image_1686.jpg,0.98513633,0,3.4571
Image_2731.jpg,0.92370903,59,5.7361
Image_295.jpg,0.4470839,26,3.4722
Image_1192.jpg,0.9880085,60,2.6845
Image_1329.jpg,0.98198366,20,2.6900
Image_681.jpg,0.98719656,24,2.7336
Image_1009.jpg,0.25789893,30,4.0910
Image_456.jpg,0.9786846,56,6.3583
Image_519.jpg,0.9939663,4,2.7487
Image_164.jpg,0.79226136,49,3.3743
Image_1631.jpg,0.9837646,21,9.3954
Image_2268.jpg,0.5408747,62,7.0787
Image_1251.jpg,0.9231951,41,2.7069
Image_2711.jpg,0.89136565,61,2.6614
Image_820.jpg,0.8014082,73,2.7288
Image_1078.jpg,0.9721458,12,2.6760
Image_2596.jpg,0.6709402,14,2.7379
Image_116.jpg,0.8815264,67,2.6940
Image_1900.jpg,0.95622224,26,2.6713
Image_2316.jpg,0.8230906,2,3.0784
Image_760.jpg,0.9476306,69,2.7088
Image_1291.jpg,0.96494997,40,2.7372
Image_1665.jpg,0.17133695,42,2.6600
Image_137.jpg,0.7994712,35,2.6731
Image_2126.jpg,0.95149195,28,2.7119
Image_1186.jpg,0.55906874,39,2.6583
Image_2690.jpg,0.9124704,33,3.7961
Image_2452.jpg,0.86234546,51,2.8245
Image_1587.jpg,0.6982088,44,3.0098
Image_497.jpg,0.9861347,62,3.2164
Image_319.jpg,0.9656545,61,4.3623
Image_889.jpg,0.7166737,32,4.3565
Image_951.jpg,0.2558851,45,2.8066
Image_91.jpg,0.31562114,37,2.7111
Image_2386.jpg,0.75472665,34,2.6652
Image_751.jpg,0.99250436,3,3.8037
Image_2152.jpg,0.9905253,61,2.6530
Image_160.jpg,0.86898965,6,7.1277
Image_1915.jpg,0.969627,74,4.3277
Image_132.jpg,0.98101187,9,2.7452
Image_2782.jpg,0.2995404,63,2.6635
Image_2659.jpg,0.9531679,9,2.6712
Image_341.jpg,0.8835052,38,2.8202
Image_999.jpg,0.9801777,15,2.6566
Image_2189.jpg,0.91784424,40,2.8263
Image_1278.jpg,0.979439,41,2.6893
Image_773.jpg,0.98066646,51,2.7115
Image_2237.jpg,0.85480374,47,2.6474
Image_2226.jpg,0.8893098,69,2.6832
Image_331.jpg,0.22623062,14,2.6495
Image_169.jpg,0.9814953,4,3.8751
Image_1349.jpg,0.11297683,39,5.5887
Image_2520.jpg,0.8331003,49,2.8712
Image_303.jpg,0.9901356,61,3.8191
Image_2421.jpg,0.5774647,63,2.6826
Image_969.jpg,0.98222995,64,4.3759
Image_1555.jpg,0.99434495,42,4.3607
Image_2607.jpg,0.99723405,43,3.2924
Image_372.jpg,0.90238696,0,4.1216
Image_1038.jpg,0.98493135,43,3.7682
Image_2746.jpg,0.98784876,39,2.6684
Image_1392.jpg,0.9917664,29,3.2327
Image_418.jpg,0.26221454,57,4.7212
Image_1427.jpg,0.43670765,65,7.0577
Image_2090.jpg,0.9893994,59,5.6672
Image_1765.jpg,0.8785027,71,4.0619
Image_1749.jpg,0.9782389,18,2.7580
Image_911.jpg,0.4643535,45,2.6895
Image_2562.jpg,0.9875566,21,2.6443
Image_2210.jpg,0.6262616,11,2.6763
Image_385.jpg,0.958743,44,2.6814
Image_2425.jpg,0.92756164,31,2.8347
Image_1910.jpg,0.43618137,8,2.6622
Image_2249.jpg,0.8493019,34,2.6855
Image_1748.jpg,0.8815203,59,2.7687
Image_1912.jpg,0.7547407,57,2.6853
Image_2043.jpg,0.8350843,73,2.6722
Image_1578.jpg,0.6958427,48,2.6837
Image_369.jpg,0.94646186,12,2.6977
Image_772.jpg,0.55266595,48,3.0728
Image_157.jpg,0.9630253,33,2.7688
Image_1358.jpg,0.99539596,14,2.6654
Image_2110.jpg,0.98595065,48,2.8757
Image_140.jpg,0.96368945,70,2.6645
Image_1168.jpg,0.91080046,64,2.7077
Image_121.jpg,0.9934768,40,3.7389
Image_1522.jpg,0.83849764,52,3.1881
Image_657.jpg,0.59955096,19,3.2392
Image_333.jpg,0.98746824,47,6.9374
Image_2079.jpg,0.94821674,33,2.7123
Image_588.jpg,0.9727825,37,2.6701
Image_2666.jpg,0.9913974,9,2.6775
Image_348.jpg,0.9935237,40,2.6914
Image_296.jpg,0.25277275,45,2.7302
Image_959.jpg,0.57766575,9,5.3873
Image_2599.jpg,0.71493834,0,3.0879
Image_853.jpg,0.60246336,56,6.4014
Image_1738.jpg,0.9404871,33,3.0244
Image_511.jpg,0.94812584,35,8.9432
Image_1899.jpg,0.34623575,31,4.6399
Image_541.jpg,0.9713488,9,4.2555
Image_2223.jpg,0.9644225,49,3.5529
Image_278.jpg,0.9660828,28,2.7561
Image_750.jpg,0.9951871,1,2.6528
Image_1060.jpg,0.92141515,25,2.6793
Image_1678.jpg,0.99702317,1,2.6735
Image_981.jpg,0.9532328,25,2.7331
Image_2360.jpg,0.5924602,64,3.0712
Image_398.jpg,0.9687797,53,2.6710
Image_1502.jpg,0.9560571,29,2.6961
Image_1447.jpg,0.9872866,74,2.6782
Image_586.jpg,0.98556894,74,2.7588
Image_311.jpg,0.9459832,53,2.6821
Image_2092.jpg,0.9582452,50,4.8059
Image_2083.jpg,0.5881986,59,6.8760
Image_350.jpg,0.8988719,19,3.3785
Image_2296.jpg,0.9231256,45,2.6998
Image_2422.jpg,0.96005344,0,2.7409
Image_1249.jpg,0.8815064,32,2.6916
Image_1800.jpg,0.8843561,65,2.7159
Image_1431.jpg,0.98636717,23,2.7053
Image_649.jpg,0.98985744,45,3.0295
Image_365.jpg,0.7972108,71,2.7620
Image_1490.jpg,0.64747256,73,4.0795
Image_1786.jpg,0.94314075,42,3.0061
Image_648.jpg,0.97825605,48,2.6979
Image_2522.jpg,0.9281033,55,2.7266
Image_1147.jpg,0.97127265,58,6.5452
Image_2576.jpg,0.9610715,68,3.5769
Image_1989.jpg,0.95163184,41,3.9393
Image_1285.jpg,0.92438346,11,2.7803
Image_2140.jpg,0.8926158,72,2.6838
Image_189.jpg,0.7092506,48,2.8937
Image_2617.jpg,0.9777876,46,2.6921
Image_2247.jpg,0.87679195,44,2.7859
Image_805.jpg,0.90614116,12,2.6669
Image_628.jpg,0.86935383,36,2.6839
Image_1663.jpg,0.99556595,62,4.0096
Image_1077.jpg,0.965751,73,4.4380
Image_905.jpg,0.663973,45,5.3044
Image_448.jpg,0.96802807,73,2.7023
Image_3.jpg,0.5356004,0,2.6694
Image_51.jpg,0.61846673,27,4.0055
Image_1139.jpg,0.50708133,22,3.4772
Image_470.jpg,0.5832007,72,4.9200
Image_2266.jpg,0.8611656,19,3.7740
Image_2047.jpg,0.9850869,23,4.3677
Image_1702.jpg,0.33503783,26,2.6854
Image_954.jpg,0.96723616,46,2.6990
Image_891.jpg,0.94888186,23,2.6772
Image_423.jpg,0.99368495,65,3.8466
Image_2318.jpg,0.6248538,31,5.7011
Image_998.jpg,0.97512233,61,3.9802
Image_483.jpg,0.5731365,68,4.2036
Image_2118.jpg,0.90780634,30,2.7242
Image_262.jpg,0.9918162,59,2.6940
Image_1739.jpg,0.99783355,47,2.7138
Image_1581.jpg,0.97114444,5,2.6942
Image_1437.jpg,0.9248385,2,2.8304
Image_1231.jpg,0.8747386,67,2.8195
Image_2132.jpg,0.9598411,32,2.6843
Image_1654.jpg,0.75063086,25,2.7102
Image_130.jpg,0.83924675,20,2.8127
Image_2099.jpg,0.9627885,20,2.7245
Image_99.jpg,0.63538045,27,2.6788
Image_1464.jpg,0.5377399,68,2.6933
Image_2512.jpg,0.84501964,71,2.6710
Image_2184.jpg,0.6481961,56,3.0276
Image_218.jpg,0.38490242,69,2.6919
Image_1494.jpg,0.5649031,19,2.6745
Image_2623.jpg,0.9808353,42,2.8552
Image_2162.jpg,0.20708217,15,2.6845
Image_2250.jpg,0.9838291,28,2.7064
Image_2119.jpg,0.89415425,47,3.5993
Image_2385.jpg,0.73008054,0,3.5518
Image_2442.jpg,0.92200285,7,2.6906
Image_2622.jpg,0.23539041,20,3.5982
Image_1968.jpg,0.94019353,41,4.7425
Image_2246.jpg,0.9288766,44,4.4305
Image_974.jpg,0.8596842,4,2.8174
Image_2740.jpg,0.8737519,33,2.7176
Image_2340.jpg,0.85250914,64,2.7293
Image_1246.jpg,0.7848573,52,2.9947
Image_1638.jpg,0.99165535,62,4.8623
Image_2146.jpg,0.9161003,51,11.3517
Image_1150.jpg,0.8658965,28,3.7109
Image_2716.jpg,0.8562559,68,2.9762
Image_491.jpg,0.97851735,14,9.0012
Image_2436.jpg,0.994337,70,3.3655
Image_2729.jpg,0.99039674,13,2.7140
Image_846.jpg,0.7770535,56,2.7244
Image_228.jpg,0.9415703,69,2.8198
Image_352.jpg,0.42216828,59,2.7308
Image_1109.jpg,0.99051887,65,2.7573
Image_452.jpg,0.60153884,59,3.0001
Image_1779.jpg,0.38364542,49,2.6794
Image_724.jpg,0.99910337,47,2.6940
Image_2309.jpg,0.8396163,17,2.6895
Image_2012.jpg,0.9824709,59,2.6988
Image_1906.jpg,0.8511377,61,2.6921
Image_340.jpg,0.9937271,5,6.1582
Image_1107.jpg,0.97708,62,3.8856
Image_1398.jpg,0.97616845,34,4.2928
Image_429.jpg,0.7769315,24,2.6976
Image_118.jpg,0.97051394,9,2.6835
Image_661.jpg,0.92359203,46,2.6831
Image_1245.jpg,0.9752983,36,2.7009
Image_1091.jpg,0.9949033,36,2.7565
Image_412.jpg,0.94198453,12,2.7559
Image_1782.jpg,0.6296887,27,4.0972
Image_1116.jpg,0.39460793,53,2.9209
Image_156.jpg,0.9935182,54,5.3678
Image_1552.jpg,0.7865172,22,6.2625
Image_2089.jpg,0.9319404,29,2.7259
Image_149.jpg,0.9973834,41,2.7143
Image_2109.jpg,0.92151034,36,2.6773
Image_2445.jpg,0.9782284,10,2.7038
Image_2781.jpg,0.2959173,30,2.7434
Image_863.jpg,0.9449028,9,2.7633
Image_860.jpg,0.9663293,48,2.6770
Image_2752.jpg,0.98468876,39,2.7245
Image_15.jpg,0.39435872,10,2.7459
Image_1950.jpg,0.9729494,46,2.6938
Image_1575.jpg,0.99019635,42,2.6617
Image_21.jpg,0.98463434,15,2.6991
Image_338.jpg,0.9841397,51,4.1041
Image_2590.jpg,0.9118643,53,4.0092
Image_1697.jpg,0.39018837,65,4.8137
Image_1604.jpg,0.99695385,25,2.9033
Image_759.jpg,0.9921038,7,4.7064
Image_24.jpg,0.30862457,25,6.2034
Image_1347.jpg,0.98178077,18,4.4896
Image_1661.jpg,0.9458286,17,3.2913
Image_46.jpg,0.9711745,22,3.0612
Image_2175.jpg,0.9384784,67,9.0953
Image_1905.jpg,0.9943698,6,4.4114
Image_1032.jpg,0.9525326,7,2.7758
Image_2029.jpg,0.9600221,62,2.7100
Image_1620.jpg,0.84107095,31,3.2946
Image_2323.jpg,0.6688017,27,5.1280
Image_1236.jpg,0.8572883,55,3.9637
Image_81.jpg,0.9762915,60,3.7560
Image_1817.jpg,0.91924065,7,2.6919
Image_826.jpg,0.9788006,43,2.6807
Image_757.jpg,0.96676105,12,2.7789
Image_410.jpg,0.8921979,34,2.6951
Image_2383.jpg,0.5893465,66,2.7248
Image_2350.jpg,0.8057732,7,2.7582
Image_2341.jpg,0.9631852,72,2.7328
Image_1992.jpg,0.12859364,23,2.6828
Image_2177.jpg,0.96049476,50,2.7044
Image_2751.jpg,0.86191905,63,3.3023
Image_485.jpg,0.9917352,4,3.0195
Image_2174.jpg,0.65818185,52,2.8065
Image_2304.jpg,0.8048844,8,2.7182
Image_1960.jpg,0.62125474,72,2.6778
Image_2382.jpg,0.6543985,46,2.6875
Image_989.jpg,0.32386434,52,3.6048
Image_1613.jpg,0.8422542,64,3.2524
Image_2365.jpg,0.89691985,37,3.3310
Image_654.jpg,0.987278,6,5.6545
Image_1118.jpg,0.958593,0,3.3376
Image_464.jpg,0.92619526,8,3.2153
Image_1766.jpg,0.93772894,7,2.6909
Image_522.jpg,0.9684995,56,2.7003
Image_2581.jpg,0.99442095,37,2.7148
Image_2393.jpg,0.74816585,38,3.8153
Image_1772.jpg,0.9027245,11,5.1274
Image_35.jpg,0.21198647,65,6.2483
Image_1723.jpg,0.97668684,1,3.8912
Image_645.jpg,0.98317957,29,3.9513
Image_2405.jpg,0.9888278,36,2.7951
Image_2780.jpg,0.8237127,25,2.7169
Image_68.jpg,0.9810296,51,2.6600
Image_991.jpg,0.9617679,65,3.1780
Image_32.jpg,0.9270141,37,6.2050
Image_2536.jpg,0.91439253,44,5.6293
Image_2535.jpg,0.5670199,11,2.7585
Image_49.jpg,0.97884685,3,2.6941
Image_2574.jpg,0.29241434,15,2.7118
Image_2578.jpg,0.97763956,20,3.0273
Image_898.jpg,0.86314404,0,2.8744
Image_897.jpg,0.9933873,20,2.6613
Image_2101.jpg,0.9518245,33,2.7069
Image_2192.jpg,0.94832,50,2.6912
Image_381.jpg,0.9638669,58,2.7487
Image_2498.jpg,0.9622369,46,4.1601
Image_1276.jpg,0.55122036,7,6.7888
Image_2446.jpg,0.9248742,73,4.0474
Image_1283.jpg,0.9934036,9,2.8237
Image_265.jpg,0.3686787,17,2.7113
Image_763.jpg,0.9644772,51,2.6557
Image_2725.jpg,0.61247796,53,2.6898
Image_1836.jpg,0.98298234,15,2.6795
Image_60.jpg,0.918303,48,3.0554
Image_1486.jpg,0.98217356,3,4.0102
Image_1321.jpg,0.41372472,17,2.9255
Image_936.jpg,0.9893913,36,2.7088
Image_1617.jpg,0.9536964,53,2.6843
Image_900.jpg,0.72808176,0,3.3054
Image_1178.jpg,0.5749524,19,8.1337
Image_1753.jpg,0.95435077,59,2.8322
Image_1044.jpg,0.9412036,67,2.7184
Image_1961.jpg,0.9564582,52,2.7079
Image_2439.jpg,0.9709645,43,2.7916
Image_950.jpg,0.95784926,46,2.6876
Image_623.jpg,0.9387873,69,2.7819
Image_1814.jpg,0.21488196,55,2.6871
Image_536.jpg,0.9819051,59,2.6777
Image_1780.jpg,0.9814757,26,2.6927
Image_1087.jpg,0.92910916,41,2.7009
Image_55.jpg,0.97144824,32,2.9999
Image_1220.jpg,0.8570881,68,3.3954
Image_1049.jpg,0.26238886,36,2.8070
Image_2569.jpg,0.36907047,26,4.4758
Image_1743.jpg,0.34936482,60,3.0731
Image_1264.jpg,0.96795434,64,3.9733
Image_2658.jpg,0.97201264,18,5.3755
Image_913.jpg,0.9494373,28,6.8021
Image_131.jpg,0.99601704,12,2.6626
Image_1121.jpg,0.99086726,52,2.7021
Image_1761.jpg,0.9211494,69,2.6791
Image_1342.jpg,0.9777256,40,2.6946
Image_1025.jpg,0.98406094,50,2.7907
Image_767.jpg,0.9952739,5,4.0830
Image_1861.jpg,0.89740443,53,2.8137
Image_1510.jpg,0.5385345,57,2.6759
Image_1577.jpg,0.7357138,55,2.7143
Image_9.jpg,0.70392627,59,3.0866
Image_2399.jpg,0.8414064,30,6.6853
Image_1074.jpg,0.4250358,60,3.7998
Image_117.jpg,0.9826634,54,3.0923
Image_1591.jpg,0.9625002,49,2.8608
Image_2388.jpg,0.9832651,66,2.7831
Image_367.jpg,0.830411,55,2.6974
Image_240.jpg,0.9496553,67,2.7032
Image_551.jpg,0.1294301,7,2.6870
Image_841.jpg,0.4471027,70,2.7328
Image_1707.jpg,0.616235,47,2.6862
Image_1859.jpg,0.9611129,71,2.6810
Image_366.jpg,0.66203946,31,2.6849
Image_1732.jpg,0.98477584,5,2.7041
Image_1258.jpg,0.91083854,31,3.0066
Image_880.jpg,0.90103036,72,2.7098
Image_652.jpg,0.5380627,53,2.6822
Image_1639.jpg,0.81303847,20,2.6855
Image_1381.jpg,0.97117686,17,2.6986
Image_2694.jpg,0.9908936,12,3.9724
Image_609.jpg,0.98792505,28,7.0606
Image_983.jpg,0.9889318,54,4.0796
Image_2489.jpg,0.9798377,33,2.7557
Image_2779.jpg,0.83946407,14,2.6959
Image_923.jpg,0.9840289,8,2.6765
Image_656.jpg,0.9862742,29,2.7075
Image_2188.jpg,0.896359,1,2.6977
Image_1929.jpg,0.9645729,67,2.7806
Image_1908.jpg,0.96395993,29,6.3624
Image_690.jpg,0.94768935,25,9.5264
Image_1324.jpg,0.95277584,5,3.2896
Image_683.jpg,0.9684787,52,3.2697
Image_2051.jpg,0.9833515,9,3.3540
Image_2364.jpg,0.66971815,62,5.1617
Image_155.jpg,0.99763095,12,2.9792
Image_1847.jpg,0.9561161,17,2.9283
Image_2061.jpg,0.9937471,40,2.7347
Image_2669.jpg,0.9432896,15,2.7621
Image_700.jpg,0.71980023,68,3.0660
Image_940.jpg,0.7498962,53,5.1561
Image_2273.jpg,0.9608509,40,3.5089
Image_1089.jpg,0.23786746,43,5.1313
Image_517.jpg,0.799679,18,2.8996
Image_1758.jpg,0.79748756,31,2.6989
Image_37.jpg,0.9773586,26,2.7597
Image_206.jpg,0.9851607,3,3.7554
Image_1511.jpg,0.9719305,2,3.0063
Image_1965.jpg,0.9593672,70,3.5411
Image_2402.jpg,0.96572834,17,8.7177
Image_368.jpg,0.9442185,41,2.7065
Image_151.jpg,0.97579217,62,2.6955
Image_2002.jpg,0.98416847,51,2.7364
Image_2271.jpg,0.7183258,63,2.7125
Image_2163.jpg,0.99185795,6,3.9176
Image_513.jpg,0.62565464,16,2.7081
Image_2208.jpg,0.8287709,42,4.6991
Image_335.jpg,0.44369107,17,5.5694
Image_693.jpg,0.97265357,34,4.2529
Image_1869.jpg,0.96340686,60,2.6850
Image_2292.jpg,0.95754856,71,2.7043
Image_982.jpg,0.990833,52,2.6768
Image_1167.jpg,0.9204458,59,2.7268
Image_426.jpg,0.25691593,36,2.7912
Image_2508.jpg,0.89918166,21,2.7233
Image_1603.jpg,0.55805683,57,2.6752
Image_2737.jpg,0.9119092,52,2.6937
Image_602.jpg,0.5083294,72,2.8160
Image_2468.jpg,0.5428449,27,2.6920
Image_1529.jpg,0.972296,42,2.6668
Image_729.jpg,0.5433953,38,2.7000
Image_611.jpg,0.9928797,53,3.0703
Image_1728.jpg,0.9437184,64,5.4206
Image_1924.jpg,0.968042,45,3.4165
Image_549.jpg,0.9981875,43,4.4349
Image_630.jpg,0.91532975,64,8.9112
Image_1599.jpg,0.9538363,40,2.8704
Image_78.jpg,0.5410843,11,5.0709
Image_2190.jpg,0.3782543,55,4.2641
Image_281.jpg,0.21327926,40,4.1089
Image_893.jpg,0.9792684,10,2.7020
Image_334.jpg,0.9088412,18,2.6765
Image_539.jpg,0.97770613,62,4.2411
Image_691.jpg,0.3532976,37,2.8986
Image_931.jpg,0.82737607,8,6.6648
Image_2747.jpg,0.99524444,47,4.1437
Image_2556.jpg,0.48053592,26,2.7286
Image_538.jpg,0.6552982,13,2.7148
Image_616.jpg,0.9723893,6,2.6783
Image_1885.jpg,0.90126425,68,2.7032
Image_230.jpg,0.9110539,25,2.7208
Image_2530.jpg,0.9970682,42,2.8239
Image_831.jpg,0.7936408,72,2.6847
Image_543.jpg,0.913052,72,2.6863
Image_1538.jpg,0.9704968,39,2.7302
Image_2573.jpg,0.9768524,65,2.6982
Image_1351.jpg,0.94200474,13,2.6727
Image_1162.jpg,0.98557067,59,2.7034
Image_2778.jpg,0.6290814,39,2.9857
Image_8.jpg,0.7852206,35,2.7039
Image_1390.jpg,0.9629025,3,2.8135
Image_2172.jpg,0.9769453,0,2.6826
Image_1958.jpg,0.86733603,36,2.7018
Image_2555.jpg,0.97381514,26,2.7014
Image_870.jpg,0.99142355,5,4.4407
Image_1674.jpg,0.84751993,58,4.1831
Image_606.jpg,0.88040537,22,6.2448
Image_2235.jpg,0.9712025,69,2.6628
Image_781.jpg,0.94902366,60,2.6996
Image_2168.jpg,0.26212022,28,2.7011
Image_1945.jpg,0.8699844,28,2.7163
Image_1641.jpg,0.9869964,59,2.6824
Image_1286.jpg,0.94087183,71,3.9408
Image_2523.jpg,0.9714977,23,2.9563
Image_25.jpg,0.95840365,25,2.6878
Image_785.jpg,0.89420456,1,8.5831
Image_392.jpg,0.98581725,59,3.7838
Image_2435.jpg,0.4042189,11,8.6973
Image_363.jpg,0.8082244,17,5.7968
Image_745.jpg,0.9803083,4,2.7567
Image_800.jpg,0.16095231,30,2.9232
Image_2565.jpg,0.95760506,43,2.7738
Image_2010.jpg,0.9830157,12,3.1742
Image_292.jpg,0.60128725,2,3.2229
Image_1019.jpg,0.14577682,30,6.3566
Image_2401.jpg,0.21833526,10,4.6392
Image_1247.jpg,0.3237164,45,3.4466
Image_508.jpg,0.98481107,54,2.7420
Image_487.jpg,0.6968039,66,2.7803
Image_138.jpg,0.9273978,26,3.6240
Image_2696.jpg,0.48085678,59,3.1520
Image_1492.jpg,0.84977615,19,3.4667
Image_1760.jpg,0.9757843,5,5.7908
Image_710.jpg,0.379388,63,3.7662
Image_1568.jpg,0.9723511,25,3.3199
Image_1488.jpg,0.9545012,3,3.6239
Image_706.jpg,0.99660987,24,2.7447
Image_2136.jpg,0.9153895,34,2.6793
Image_1633.jpg,0.9860722,64,7.9874
Image_2324.jpg,0.72715354,47,3.6638
Image_2406.jpg,0.9626395,70,3.6721
Image_39.jpg,0.9352017,15,2.7016
Image_2125.jpg,0.8408781,64,2.6727
Image_1026.jpg,0.7020262,49,2.6898
Image_2700.jpg,0.9793784,67,2.7306
Image_2077.jpg,0.9694996,35,2.6675
Image_33.jpg,0.9877242,58,3.0022
Image_1095.jpg,0.96631014,16,2.6907
Image_47.jpg,0.9839167,58,2.6881
Image_1672.jpg,0.76945364,33,2.7035
Image_1643.jpg,0.9694641,41,2.7243
Image_1408.jpg,0.5622685,38,2.7294
Image_1616.jpg,0.4701393,19,2.6890
Image_1113.jpg,0.98581684,50,2.6728
Image_203.jpg,0.9912096,54,2.9531
Image_1179.jpg,0.901111,62,2.6972
Image_1700.jpg,0.95828843,59,4.1845
Image_1110.jpg,0.8428489,37,3.0024
Image_2059.jpg,0.97476715,37,3.3512
Image_639.jpg,0.97067094,8,4.8224
Image_871.jpg,0.43778506,22,3.9728
Image_1299.jpg,0.94142187,48,2.8144
Image_376.jpg,0.9753008,45,2.7640
Image_2583.jpg,0.97204304,6,5.2938
Image_409.jpg,0.9569384,40,3.6442
Image_1190.jpg,0.49641892,25,4.8979
Image_1939.jpg,0.98924035,1,2.7838
Image_320.jpg,0.12228816,18,4.2761
Image_377.jpg,0.9731232,14,2.7118
Image_72.jpg,0.89661825,44,4.4135
Image_1425.jpg,0.9467464,12,8.1647
Image_82.jpg,0.9681096,67,2.7711
Image_2164.jpg,0.97360003,25,2.6881
Image_2764.jpg,0.2697534,30,2.6893
Image_2561.jpg,0.9852998,23,2.6893
Image_2497.jpg,0.96389073,21,2.7637
Image_2307.jpg,0.95370185,69,2.7789
Image_2171.jpg,0.8764007,73,2.6939
Image_808.jpg,0.9086694,26,2.7163
Image_563.jpg,0.9898003,4,2.7541
Image_298.jpg,0.98163766,0,2.7159
Image_1029.jpg,0.86782783,11,2.6871
Image_792.jpg,0.5984436,26,2.6793
Image_1155.jpg,0.8587696,38,2.9790
Image_2505.jpg,0.98216426,8,2.7097
Image_268.jpg,0.8705367,20,2.6826
Image_580.jpg,0.9575923,28,2.6981
Image_1006.jpg,0.9670611,34,2.7037
Image_665.jpg,0.5168297,2,2.6852
Image_734.jpg,0.86960435,19,4.7541
Image_1770.jpg,0.98285115,60,3.5179
Image_866.jpg,0.94527453,69,5.8813
Image_1558.jpg,0.9771656,9,3.6696
Image_427.jpg,0.77779853,66,2.6812
Image_2217.jpg,0.19075087,2,2.6819
Image_858.jpg,0.993109,15,2.7018
Image_2679.jpg,0.61724246,26,2.7013
Image_1605.jpg,0.9625191,62,3.9231
Image_2568.jpg,0.94207996,73,6.6110
Image_907.jpg,0.707602,20,4.1731
Image_1171.jpg,0.2885929,25,4.2217
Image_2205.jpg,0.5260948,72,3.3119
Image_946.jpg,0.9842823,16,2.7760
Image_2580.jpg,0.34527496,45,5.2448
Image_709.jpg,0.9127258,25,5.5462
Image_2517.jpg,0.9004998,63,4.4160
Image_2088.jpg,0.1523268,59,2.7525
Image_1500.jpg,0.9956208,25,3.6509
Image_1064.jpg,0.9333621,57,2.7326
Image_2037.jpg,0.98878914,61,2.6996
Image_2685.jpg,0.98339766,23,2.7638
Image_2325.jpg,0.9158544,11,2.9923
Image_351.jpg,0.9886418,3,2.7125
Image_1443.jpg,0.9421076,61,2.7805
Image_1523.jpg,0.38998982,25,2.6900
Image_1051.jpg,0.99420506,9,2.6950
Image_559.jpg,0.8374878,66,2.7157
Image_159.jpg,0.5580413,74,4.0031
Image_694.jpg,0.9214606,6,6.3146
Image_1752.jpg,0.90161276,64,3.9730
Image_1679.jpg,0.70748585,71,4.0744
Image_382.jpg,0.9238432,73,2.7637
Image_553.jpg,0.66406244,19,2.6866
Image_2220.jpg,0.9365151,61,2.7075
Image_2233.jpg,0.9948225,13,2.7042
Image_1348.jpg,0.22117531,55,4.9131
Image_594.jpg,0.96789885,18,5.4366
Image_2753.jpg,0.9125799,61,6.2800
Image_830.jpg,0.3203434,60,2.8021
Image_2275.jpg,0.34226528,55,2.7954
Image_1375.jpg,0.9787102,50,2.7143
Image_2214.jpg,0.75598294,69,2.6869
Image_1655.jpg,0.6734395,11,2.6949
Image_788.jpg,0.97503597,56,2.8660
Image_2095.jpg,0.99277765,47,2.6893
Image_2768.jpg,0.9770742,50,2.6949
Image_793.jpg,0.9941135,45,2.6654
Image_2050.jpg,0.9236849,32,2.6828
Image_754.jpg,0.9842232,15,2.7614
Image_1751.jpg,0.9952708,5,2.7678
Image_1305.jpg,0.9295563,62,2.6786
Image_2773.jpg,0.9958977,21,2.7037
Image_1962.jpg,0.97612554,47,3.0026
Image_165.jpg,0.97155386,0,2.7048
Image_2270.jpg,0.993455,20,4.7732
Image_421.jpg,0.44618213,45,3.6363
Image_2331.jpg,0.77549195,64,3.7138
Image_2373.jpg,0.9049889,19,4.0971
Image_2494.jpg,0.93345135,64,3.6207
Image_1719.jpg,0.7292817,59,9.5088
Image_498.jpg,0.96495336,2,2.7619
Image_1731.jpg,0.65714586,54,2.7406
Image_1055.jpg,0.98687404,50,2.7051
Image_1384.jpg,0.8521078,32,2.6933
Image_704.jpg,0.9592463,12,3.8367
Image_1163.jpg,0.95247614,45,3.1581
Image_1692.jpg,0.8984523,56,9.4378
Image_1866.jpg,0.97314703,12,2.8368
Image_237.jpg,0.49549672,68,2.7002
Image_1279.jpg,0.99385494,61,2.7303
Image_1365.jpg,0.5473881,24,2.7411
Image_287.jpg,0.94610035,37,2.6876
Image_133.jpg,0.880983,49,2.8458
Image_908.jpg,0.978815,18,2.6934
Image_887.jpg,0.97639865,25,2.6954
Image_1974.jpg,0.8956784,11,2.7078
Image_222.jpg,0.9948271,5,2.8528
Image_420.jpg,0.98120224,18,2.6926
Image_1043.jpg,0.9831882,12,2.6905
Image_1664.jpg,0.98670536,71,2.6902
Image_2509.jpg,0.99379987,67,2.9830
Image_1514.jpg,0.9854779,26,2.6742
Image_2018.jpg,0.96738386,35,2.7351
Image_2263.jpg,0.95390844,74,2.8428
Image_2612.jpg,0.9776869,28,2.6696
Image_2579.jpg,0.97965324,18,2.6773
Image_938.jpg,0.6415628,27,7.9174
Image_2496.jpg,0.99103606,37,4.1196
Image_1054.jpg,0.851942,33,3.2803
Image_214.jpg,0.81477386,13,2.6778
Image_2368.jpg,0.7372814,27,2.6837
Image_1842.jpg,0.7286296,8,2.7785
Image_58.jpg,0.9624452,19,2.9139
Image_696.jpg,0.87597305,30,2.8241
Image_238.jpg,0.96586597,34,3.8673
Image_1307.jpg,0.9881209,28,3.0133
Image_2009.jpg,0.9770906,24,2.6800
Image_213.jpg,0.9389645,43,2.6890
Image_2715.jpg,0.34366778,9,4.1370
Image_69.jpg,0.90958494,23,2.7376
Image_2123.jpg,0.56728834,24,3.2375
Image_1416.jpg,0.28585362,60,4.2997
Image_584.jpg,0.81532776,63,3.2324
Image_2204.jpg,0.91446704,31,8.8670
Image_1762.jpg,0.57371354,46,5.7991
Image_1481.jpg,0.75217193,58,4.5246
Image_873.jpg,0.44626305,20,2.7241
Image_988.jpg,0.9406428,34,2.7271
Image_2614.jpg,0.9846123,3,2.6598
Image_389.jpg,0.99325186,5,2.9665
Image_144.jpg,0.82814795,54,2.8271
Image_286.jpg,0.9413465,68,2.6786
Image_1659.jpg,0.92502093,65,2.6707
Image_2749.jpg,0.96689576,67,2.9400
Image_2145.jpg,0.84688497,26,2.8188
Image_2527.jpg,0.96137,58,4.3764
Image_2351.jpg,0.97317964,51,4.0710
Image_735.jpg,0.28776863,49,7.2934
Image_2202.jpg,0.8670297,32,2.6926
Image_1024.jpg,0.91199,10,2.6791
Image_601.jpg,0.96943897,71,2.7081
Image_301.jpg,0.944325,17,2.6775
Image_2384.jpg,0.9599462,72,2.7499
Image_1507.jpg,0.9988722,13,3.8349
Image_232.jpg,0.88113564,73,3.7717
Image_2209.jpg,0.9579479,43,9.0298
Image_1922.jpg,0.9756918,10,2.7200
Image_284.jpg,0.5058765,55,2.7041
Image_269.jpg,0.37049827,66,2.6827
Image_2657.jpg,0.3475632,22,2.8172
Image_1176.jpg,0.9477645,44,2.6795
Image_1877.jpg,0.99058867,47,2.8876
Image_475.jpg,0.6059696,16,2.7117
Image_1829.jpg,0.96886283,29,2.6587
Image_2389.jpg,0.875454,28,2.7410
Image_263.jpg,0.73156756,10,2.7431
Image_65.jpg,0.5199191,22,2.6857
Image_2215.jpg,0.9460805,50,2.6722
Image_2724.jpg,0.2288521,37,2.9708
Image_1417.jpg,0.8670071,4,2.7162
Image_481.jpg,0.9038292,32,2.6911
Image_2291.jpg,0.8934,69,4.1782
Image_2714.jpg,0.7178779,61,4.0054
Image_2147.jpg,0.7766546,57,3.6265
Image_1816.jpg,0.98501486,69,3.7745
Image_1146.jpg,0.5308207,38,2.7262
Image_1520.jpg,0.67950386,57,2.7070
Image_531.jpg,0.9793605,4,2.7170
Image_308.jpg,0.9443788,5,3.2716
Image_1705.jpg,0.92712826,0,8.8349
Image_388.jpg,0.8098139,18,3.1854
Image_1325.jpg,0.9719435,5,2.9308
Image_261.jpg,0.18358104,12,4.0502
Image_45.jpg,0.9792357,51,2.9554
Image_2035.jpg,0.93642306,60,3.2334
Image_1947.jpg,0.9770141,15,7.9371
Image_1435.jpg,0.9704531,17,3.3074
Image_1319.jpg,0.9662258,8,2.8571
Image_1545.jpg,0.97690725,42,2.7650
Image_2441.jpg,0.9908001,29,2.8570
Image_2197.jpg,0.9603,71,2.7159
Image_545.jpg,0.7654138,37,2.6953
Image_2027.jpg,0.44404855,38,2.7452
Image_1920.jpg,0.99359554,59,2.6935
Image_18.jpg,0.32472715,55,2.8276
Image_741.jpg,0.826008,54,2.6738
Image_1013.jpg,0.94869983,46,2.7602
Image_1778.jpg,0.7754709,26,2.9877
Image_425.jpg,0.9950191,9,2.6921
Image_2542.jpg,0.49295047,64,2.6715
Image_1807.jpg,0.9902851,24,2.6833
Image_1550.jpg,0.90861607,30,2.6956
Image_2113.jpg,0.97728807,24,2.7058
Image_454.jpg,0.4622095,19,4.8905
Image_322.jpg,0.89905566,20,7.6684
Image_1214.jpg,0.92214996,44,2.8129
Image_827.jpg,0.9658819,2,2.6947
Image_1172.jpg,0.94243866,50,2.7057
Image_85.jpg,0.39311042,68,2.6817
Image_2178.jpg,0.8460083,8,2.7043
Image_480.jpg,0.984018,45,2.7863
Image_1136.jpg,0.93584347,71,3.7850
Image_289.jpg,0.86850476,64,3.1134
Image_2111.jpg,0.688125,25,2.7006
Image_885.jpg,0.79909384,72,2.6997
Image_247.jpg,0.913169,56,3.5549
Image_2017.jpg,0.98312944,60,8.2103
Image_1682.jpg,0.9734161,15,3.6564
Image_874.jpg,0.7830786,10,3.2789
Image_1057.jpg,0.9510996,71,3.1494
Image_977.jpg,0.25155723,64,2.6879
Image_716.jpg,0.9756209,71,3.0331
Image_2577.jpg,0.9815363,54,5.1851
Image_2469.jpg,0.9164808,47,4.0111
Image_930.jpg,0.93130535,50,4.5040
Image_2258.jpg,0.9612213,51,2.8446
Image_36.jpg,0.95118207,36,2.6693
Image_2370.jpg,0.99249446,1,2.9453
Image_1937.jpg,0.9608168,15,2.7889
Image_1966.jpg,0.97810227,61,2.8361
Image_591.jpg,0.26665032,65,2.6878
Image_1237.jpg,0.9662222,45,2.6751
Image_2783.jpg,0.7964579,21,3.9431
Image_2456.jpg,0.70850235,38,2.8331
Image_1391.jpg,0.9399803,37,2.9407
Image_718.jpg,0.9890205,25,4.7853
Image_2426.jpg,0.96491385,30,6.9864
Image_571.jpg,0.64282095,65,2.6879
Image_518.jpg,0.9563336,21,2.6984
Image_2765.jpg,0.6530909,11,2.7020
Image_1644.jpg,0.93477154,26,4.2756
Image_932.jpg,0.9505077,72,5.5703
Image_2560.jpg,0.76800007,25,4.0371
Image_1290.jpg,0.9634615,21,3.5430
Image_1257.jpg,0.981988,58,2.7497
Image_1561.jpg,0.8743095,73,2.7240
Image_1202.jpg,0.99483526,3,2.7043
Image_2156.jpg,0.9290767,73,2.7295
Image_600.jpg,0.77435786,17,2.7397
Image_2671.jpg,0.88206553,33,2.7736
Image_2748.jpg,0.6530844,19,2.7023
Image_1957.jpg,0.571482,35,2.6871
Image_1637.jpg,0.3988116,68,2.7109
Image_2328.jpg,0.94164294,65,2.7280
Image_1736.jpg,0.991797,9,2.7121
Image_349.jpg,0.8269654,2,2.7046
Image_2034.jpg,0.62457985,34,2.6900
Image_573.jpg,0.9945779,65,3.0111
Image_603.jpg,0.71877867,10,2.6806
Image_1810.jpg,0.9960582,12,2.7329
Image_1540.jpg,0.9884319,3,3.9644
Image_2524.jpg,0.97844875,33,4.4345
Image_733.jpg,0.9821816,70,5.2204
Image_561.jpg,0.9979652,5,3.0670
Image_342.jpg,0.59610313,71,2.6731
Image_550.jpg,0.97538936,13,2.8638
Image_102.jpg,0.69943964,26,4.1906
Image_2234.jpg,0.9693709,25,6.3623
Image_1919.jpg,0.47079948,68,4.3637
Image_516.jpg,0.47579783,49,4.3418
Image_728.jpg,0.8978821,64,2.9638
Image_2608.jpg,0.4477617,74,3.3991
Image_1563.jpg,0.8971279,69,7.6572
Image_798.jpg,0.8815682,34,3.3832
Image_466.jpg,0.9222502,71,2.7032
Image_2058.jpg,0.94324577,55,2.7004
Image_886.jpg,0.6550788,60,2.7252
Image_288.jpg,0.39559367,68,2.9135
Image_1223.jpg,0.9099943,33,2.7614
Image_1536.jpg,0.9787269,52,2.6989
Image_2432.jpg,0.97217655,14,2.7193
Image_525.jpg,0.9843135,18,2.6767
Image_205.jpg,0.8714585,70,2.7489
Image_506.jpg,0.9921725,43,2.6825
Image_2641.jpg,0.9919699,1,2.6967
Image_1649.jpg,0.9794707,15,2.9965
Image_2786.jpg,0.8434235,7,2.6837
Image_2131.jpg,0.95786434,54,2.7002
Image_1553.jpg,0.9862321,7,2.7979
Image_2375.jpg,0.93001235,45,2.6562
Image_2053.jpg,0.72983533,19,2.6980
Image_644.jpg,0.9843299,25,2.6929
Image_809.jpg,0.29455537,58,4.1414
Image_736.jpg,0.95745414,61,3.3445
Image_2448.jpg,0.99073833,3,4.7610
Image_1263.jpg,0.306073,20,5.9345
Image_1806.jpg,0.8546592,66,2.6902
Image_558.jpg,0.49358928,68,2.7103
Image_1805.jpg,0.96148616,51,2.6830
Image_249.jpg,0.97373307,32,2.6808
Image_1730.jpg,0.9928449,52,3.8784
Image_1903.jpg,0.9896567,24,3.0625
Image_2473.jpg,0.43493018,11,2.7236
Image_1317.jpg,0.40425822,9,2.6822
Image_2667.jpg,0.37684506,38,2.7926
Image_194.jpg,0.9884537,16,3.8579
Image_2069.jpg,0.8492626,69,5.9212
Image_1406.jpg,0.5482161,69,4.1940
Image_765.jpg,0.9800536,5,2.9142
Image_2720.jpg,0.99790585,1,4.4812
Image_2499.jpg,0.6609447,41,3.5341
Image_54.jpg,0.5300532,68,3.3421
Image_1623.jpg,0.9851274,9,3.2878
Image_2121.jpg,0.9555203,2,6.3003
Image_960.jpg,0.722075,32,5.1318
Image_1067.jpg,0.9896466,67,2.6787
Image_1764.jpg,0.8383195,62,2.6879
Image_441.jpg,0.9322027,1,2.6966
Image_499.jpg,0.8681461,73,3.6894
Image_1330.jpg,0.9817343,15,3.6153
Image_1102.jpg,0.9638543,54,3.3189
Image_2288.jpg,0.98038864,16,7.5694
Image_1145.jpg,0.9959312,16,2.7706
Image_976.jpg,0.9639124,34,2.6968
Image_1827.jpg,0.8039796,50,2.7109
Image_1703.jpg,0.9752838,35,2.6784
Image_1093.jpg,0.8175212,17,2.6970
Image_1098.jpg,0.9707336,12,4.1847
Image_2628.jpg,0.6916344,21,2.9670
Image_990.jpg,0.29377675,7,2.8565
Image_2137.jpg,0.88308185,60,2.6879
Image_314.jpg,0.98212713,6,9.1110
Image_2423.jpg,0.9608722,12,3.3922
Image_1234.jpg,0.7770372,18,2.7160
Image_2514.jpg,0.97827005,39,2.6845
Image_822.jpg,0.5467431,1,2.7782
Image_590.jpg,0.9137054,19,2.6975
Image_608.jpg,0.87013304,71,2.7705
Image_1755.jpg,0.8969438,62,2.7087
Image_1450.jpg,0.9038246,64,2.6806
Image_1590.jpg,0.9485846,42,2.7935
Image_2071.jpg,0.9909279,54,2.7231
Image_1987.jpg,0.80542225,12,2.6803
Image_2613.jpg,0.44481695,56,3.0134
Image_1647.jpg,0.98374593,37,2.6763
Image_1445.jpg,0.9656733,23,2.7017
Image_1790.jpg,0.64773786,38,2.7040
Image_23.jpg,0.9190841,69,4.1101
Image_2745.jpg,0.8624694,30,4.2558
Image_1160.jpg,0.7102513,38,2.8465
Image_1467.jpg,0.6422289,1,7.0291
Image_2677.jpg,0.98967266,12,3.7823
Image_680.jpg,0.96185964,63,2.7203
Image_924.jpg,0.9335495,61,3.0062
Image_859.jpg,0.20540264,9,3.6509
Image_1340.jpg,0.9614922,48,8.7014
Image_417.jpg,0.9824025,74,6.5726
Image_1030.jpg,0.43801984,20,4.0983
Image_2374.jpg,0.5521201,49,2.7215
Image_635.jpg,0.8315612,1,2.9408
Image_445.jpg,0.97721535,14,2.6781
Image_1506.jpg,0.96302044,33,2.7122
Image_1783.jpg,0.98133814,3,2.6893
Image_2379.jpg,0.9954065,41,2.8794
Image_1727.jpg,0.9519829,8,2.6721
Image_474.jpg,0.7578297,71,2.6924
Image_1525.jpg,0.9863041,70,2.7208
Image_236.jpg,0.97649264,50,2.6670
Image_2734.jpg,0.8790618,46,2.7006
Image_2261.jpg,0.99155116,39,2.7298
Image_678.jpg,0.9009031,40,2.6905
Image_1367.jpg,0.97634685,52,2.8433
Image_2283.jpg,0.6251389,69,3.0079
Image_2461.jpg,0.9746753,71,2.6830
Image_2627.jpg,0.92215747,26,2.7524
Image_1933.jpg,0.9740839,67,2.7024
Image_2006.jpg,0.96143657,53,2.7082
Image_359.jpg,0.526955,34,2.6816
Image_1012.jpg,0.8454593,52,4.0230
Image_1099.jpg,0.9356324,56,2.9934
Image_1781.jpg,0.9811717,5,2.7233
Image_791.jpg,0.5915086,24,5.1398
Image_2377.jpg,0.57609355,6,4.2564
Image_1994.jpg,0.9931249,54,3.7658
Image_1380.jpg,0.9902424,54,2.6990
Image_2158.jpg,0.50296557,25,2.7031
Image_2743.jpg,0.43627542,47,3.9373
Image_2240.jpg,0.9497345,71,4.2820
Image_2550.jpg,0.99221826,62,7.4031
Image_1841.jpg,0.79317665,31,4.5114
Image_975.jpg,0.33254474,12,4.9053
Image_325.jpg,0.45126027,72,2.8361
Image_2471.jpg,0.93453,29,2.9842
Image_1833.jpg,0.95205045,21,2.8516
Image_523.jpg,0.9443321,10,8.2349
Image_2025.jpg,0.2518868,2,3.9460
Image_108.jpg,0.37768322,49,2.6949
Image_306.jpg,0.93289983,62,2.6980
Image_1711.jpg,0.64518595,68,2.6923
Image_2686.jpg,0.93936926,66,3.0024
Image_2115.jpg,0.75837284,55,2.7689
Image_1059.jpg,0.98071253,36,2.7061
Image_1316.jpg,0.77670836,45,2.8079
Image_1862.jpg,0.98570085,46,2.6868
Image_2620.jpg,0.9867285,3,2.7169
Image_1535.jpg,0.94496614,29,3.9954
Image_1361.jpg,0.9805015,50,3.0638
Image_668.jpg,0.9868418,70,5.6276
Image_1813.jpg,0.18352981,45,5.8869
Image_1609.jpg,0.9757859,12,3.3667
Image_2337.jpg,0.90909976,5,2.6994
Image_2564.jpg,0.7762522,11,2.6866
Image_1846.jpg,0.9926555,70,2.6870
Image_1997.jpg,0.9709316,70,3.0383
Image_1512.jpg,0.9479645,74,3.6826
Image_2396.jpg,0.9893969,6,9.8668
Image_1082.jpg,0.75882155,17,2.6754
Image_1956.jpg,0.9962023,41,2.6738
Image_2546.jpg,0.59205806,41,2.6967
Image_1634.jpg,0.98395246,3,2.6917
Image_2277.jpg,0.42794183,19,2.6767
Image_2638.jpg,0.4059808,14,2.9417
Image_2741.jpg,0.97326034,62,2.6917
Image_663.jpg,0.8704225,14,2.6828
Image_642.jpg,0.91961634,35,2.6675
Image_1943.jpg,0.2391885,10,2.6768
Image_191.jpg,0.79191446,74,2.7429
Image_527.jpg,0.83699787,36,2.6910
Image_1768.jpg,0.3039303,2,2.6641
Image_2479.jpg,0.5249456,48,2.9904
Image_1115.jpg,0.9015565,14,2.6709
Image_2380.jpg,0.9758185,5,2.7145
Image_612.jpg,0.46680114,63,2.7317
Image_2605.jpg,0.9525219,0,2.6722
Image_1266.jpg,0.940006,49,7.4623
Image_2713.jpg,0.98438895,29,2.9153
Image_1027.jpg,0.9838711,42,3.1055
Image_1438.jpg,0.8284169,7,4.4561
Image_2195.jpg,0.29359835,65,7.3195
Image_163.jpg,0.34691697,35,2.8025
Image_877.jpg,0.97658825,24,2.7158
Image_2338.jpg,0.996191,23,2.6861
Image_686.jpg,0.99101746,46,4.1344
Image_622.jpg,0.911683,12,2.8239
Image_703.jpg,0.9497634,5,3.3421
Image_2054.jpg,0.98897374,29,4.4326
Image_1722.jpg,0.969681,67,6.1395
Image_2376.jpg,0.5355988,28,2.6928
Image_837.jpg,0.9637676,5,2.6757
Image_2557.jpg,0.62592596,25,2.6999
Image_1334.jpg,0.99774605,58,2.7096
Image_316.jpg,0.602064,53,2.7979
Image_1253.jpg,0.96088374,39,2.7427
Image_1339.jpg,0.9956173,67,2.6955
Image_514.jpg,0.97814685,56,2.7360
Image_2075.jpg,0.99044776,39,2.6857
Image_2674.jpg,0.9689835,40,2.7358
Image_575.jpg,0.20999746,49,2.7078
Image_1556.jpg,0.73045397,55,2.7119
Image_1182.jpg,0.9713897,26,3.0330
Image_1688.jpg,0.9165752,32,2.6766
Image_1284.jpg,0.76766527,13,2.7065
Image_1874.jpg,0.98080796,7,2.7875
Image_2673.jpg,0.9780757,35,2.6798
Image_597.jpg,0.8447813,64,2.7105
Image_2504.jpg,0.98619497,44,4.5499
Image_1976.jpg,0.93902445,23,7.9007
Image_1618.jpg,0.7996422,38,3.6244
Image_2664.jpg,0.9694018,23,2.7164
Image_1335.jpg,0.9075354,62,2.7336
Image_1902.jpg,0.99113,6,2.7119
Image_1860.jpg,0.9512376,4,2.6739
Image_1694.jpg,0.9867338,15,2.7933
Image_1614.jpg,0.9970577,59,4.0712
Image_2463.jpg,0.5006639,27,3.2291
Image_1607.jpg,0.956223,33,2.6702
Image_67.jpg,0.98881114,29,2.7044
Image_624.jpg,0.9342697,58,3.2775
Image_1496.jpg,0.98634744,23,2.8972
Image_1273.jpg,0.9373853,4,8.8423
Image_1972.jpg,0.939216,74,2.7356
Image_2665.jpg,0.5138296,31,3.9744
Image_1031.jpg,0.6720408,22,6.1668
Image_1331.jpg,0.9523039,3,5.7847
Image_942.jpg,0.82042944,18,3.0303
Image_814.jpg,0.9861502,50,2.7002
Image_231.jpg,0.90678537,33,2.6976
Image_1588.jpg,0.4964407,54,2.9811
Image_272.jpg,0.97459614,51,2.7507
Image_10.jpg,0.98886883,74,2.7424
Image_1491.jpg,0.8834965,44,2.6618
Image_2428.jpg,0.94724494,20,2.6961
Image_1881.jpg,0.9910059,39,2.7959
Image_2712.jpg,0.75910616,57,3.8787
Image_1256.jpg,0.9507458,45,4.4797
Image_2286.jpg,0.996687,13,4.0102
Image_2707.jpg,0.9151139,63,6.4516
Image_2767.jpg,0.42030856,25,2.6990
Image_84.jpg,0.9720691,50,2.6871
Image_1459.jpg,0.5103526,20,2.6965
Image_824.jpg,0.987252,14,2.7131
Image_2120.jpg,0.9912581,1,4.2127
Image_2104.jpg,0.59982294,8,2.9190
Image_585.jpg,0.72117406,63,5.0492
Image_2478.jpg,0.9750372,71,5.8328
Image_540.jpg,0.75030005,30,2.9963
Image_2440.jpg,0.97291934,14,2.7196
Image_2705.jpg,0.98590314,48,2.6741
Image_358.jpg,0.9540281,7,2.7282
Image_2582.jpg,0.4292614,22,2.7536
Image_50.jpg,0.98966545,28,3.6941
Image_2213.jpg,0.9902777,9,2.6955
Image_2727.jpg,0.8451754,4,2.7034
Image_852.jpg,0.9748121,61,2.8462
Image_115.jpg,0.50794643,9,2.7384
Image_457.jpg,0.45599774,19,2.6837
Image_2198.jpg,0.93832475,52,2.6946
Image_141.jpg,0.9896485,4,2.9594
Image_1124.jpg,0.3539315,15,2.7090
Image_1815.jpg,0.9752422,52,2.6810
Image_1140.jpg,0.48155078,34,2.6946
Image_530.jpg,0.8828792,56,4.8335
Image_1094.jpg,0.99186474,18,3.9452
Image_637.jpg,0.992357,32,4.0863
Image_304.jpg,0.9487638,0,5.9266
Image_17.jpg,0.95383555,60,3.9246
Image_2649.jpg,0.93740505,0,9.9679
Image_1844.jpg,0.94396454,64,2.7649
Image_815.jpg,0.75159144,25,4.1324
Image_1040.jpg,0.97783864,12,2.9399
Image_395.jpg,0.994117,61,2.7103
Image_934.jpg,0.67955846,7,3.4601
Image_2693.jpg,0.9982679,47,6.2551
Image_1985.jpg,0.9317599,35,4.0251
Image_200.jpg,0.8736364,73,2.7172
Image_692.jpg,0.989129,74,2.7178
Image_1754.jpg,0.67054015,14,2.7087
Image_2387.jpg,0.9905618,13,2.7854
Image_2060.jpg,0.99392223,4,2.6911
Image_617.jpg,0.9604012,42,2.7778
Image_2681.jpg,0.9349845,33,2.7101
Image_1477.jpg,0.55452377,20,2.6865
Image_956.jpg,0.97221375,40,2.7482
Image_126.jpg,0.8139619,74,2.6898
Image_216.jpg,0.766539,10,2.9518
Image_2320.jpg,0.97826296,54,2.7208
Image_2481.jpg,0.98277056,47,2.6750
Image_251.jpg,0.97822434,50,2.7457
Image_574.jpg,0.4005085,27,2.6986
Image_1122.jpg,0.9870861,7,2.7696
Image_1767.jpg,0.9066464,20,3.8338
Image_721.jpg,0.9560672,67,4.3745
Image_1432.jpg,0.7469902,64,5.7977
Image_134.jpg,0.991768,13,3.8633
Image_1180.jpg,0.36630338,73,2.6745
Image_2437.jpg,0.9688432,65,2.7079
Image_1699.jpg,0.99094653,13,2.6972
Image_442.jpg,0.8179046,44,2.7799
Image_2013.jpg,0.78911066,71,2.7595
Image_881.jpg,0.95867145,56,4.4816
Image_2022.jpg,0.9801011,9,2.7143
Image_1495.jpg,0.9791407,45,2.7098
Image_737.jpg,0.993299,5,3.2043
Image_1696.jpg,0.9858248,61,6.4781
Image_2427.jpg,0.50681263,17,3.8942
Image_2595.jpg,0.9927127,4,5.0707
Image_211.jpg,0.8252716,11,3.4005
Image_416.jpg,0.9771339,42,2.7186
Image_902.jpg,0.7920047,53,2.7650
Image_1824.jpg,0.99031353,59,3.5105
Image_2650.jpg,0.74796677,40,4.6439
Image_2459.jpg,0.8529867,7,3.6878
Image_1433.jpg,0.972379,61,4.1245
Image_958.jpg,0.9840151,23,3.0155
Image_2014.jpg,0.83895403,41,2.7023
Image_1735.jpg,0.95823264,0,2.7030
Image_2695.jpg,0.9019934,14,2.7013
Image_192.jpg,0.97518945,8,2.7804
Image_2721.jpg,0.4440146,41,2.8211
Image_835.jpg,0.53434455,46,4.1066
Image_577.jpg,0.9903481,52,2.7120
Image_941.jpg,0.99809533,41,2.7082
Image_2046.jpg,0.86313945,19,3.4785
Image_817.jpg,0.75028706,42,6.3822
Image_1801.jpg,0.36831048,35,3.7819
Image_172.jpg,0.61633474,26,2.7134
Image_2586.jpg,0.99875414,47,2.6797
Image_2655.jpg,0.9941512,47,3.8146
Image_1715.jpg,0.9706613,2,3.0750
Image_2545.jpg,0.9603828,52,6.6730
Image_1468.jpg,0.7992329,58,3.9984
Image_2151.jpg,0.24507107,53,3.2979
Image_1788.jpg,0.9728449,33,2.9470
Image_1478.jpg,0.45897466,34,2.6965
Image_179.jpg,0.9302362,52,2.7041
Image_2485.jpg,0.9290113,63,2.6828
Image_1681.jpg,0.98601764,45,2.8105
Image_1673.jpg,0.594747,2,2.7138
Image_596.jpg,0.8318331,26,2.7109
Image_184.jpg,0.4431756,19,2.6925
Image_1444.jpg,0.98167163,22,2.7558
Image_2315.jpg,0.4263934,62,2.7194
Image_1399.jpg,0.27008852,39,2.6775
Image_747.jpg,0.8776191,27,2.6821
Image_673.jpg,0.9645934,41,3.0017
Image_154.jpg,0.41156852,25,2.7582
Image_1346.jpg,0.87343484,47,2.6729
Image_1011.jpg,0.40932962,26,2.8012
Image_1387.jpg,0.98818785,18,2.6876
Image_1336.jpg,0.86342144,55,2.9932
Image_526.jpg,0.9584078,44,4.7335
Image_2238.jpg,0.22463934,30,3.3190
Image_1498.jpg,0.7838342,23,3.4630
Image_171.jpg,0.9529182,26,2.8294
Image_1268.jpg,0.4690451,73,2.8572
Image_895.jpg,0.63385236,44,3.6290
Image_2133.jpg,0.84087944,57,5.8780
Image_2391.jpg,0.99457055,62,3.0823
Image_153.jpg,0.553996,38,10.4194
Image_1465.jpg,0.3911171,22,3.9737
Image_1998.jpg,0.9910261,37,3.2602
Image_1156.jpg,0.9576687,64,2.6965
Image_1533.jpg,0.9217016,23,2.6839
Image_1993.jpg,0.9918051,54,2.7078
Image_234.jpg,0.6521182,20,2.6712
Image_2684.jpg,0.98660547,9,2.7304
Image_1018.jpg,0.9681981,42,2.7203
Image_1662.jpg,0.4812057,31,2.7133
Image_2516.jpg,0.9360119,45,2.7935
Image_2654.jpg,0.9894484,60,2.6772
Image_56.jpg,0.97669137,3,2.6837
Image_2495.jpg,0.7021376,55,2.7677
Image_1066.jpg,0.6637611,55,2.8150
Image_2609.jpg,0.9667294,30,2.6804
Image_1301.jpg,0.9888997,71,3.0060
Image_1849.jpg,0.8928543,41,2.6991
Image_255.jpg,0.72441304,26,2.7273
Image_1188.jpg,0.7749876,18,2.6945
Image_274.jpg,0.9855651,16,2.6991
Image_257.jpg,0.9750406,20,2.7847
Image_647.jpg,0.7557925,27,4.1163
Image_646.jpg,0.9731829,25,2.7105
Image_1061.jpg,0.45785606,62,2.7078
Image_929.jpg,0.915798,73,3.1656
Image_1277.jpg,0.97979707,10,2.7474
Image_202.jpg,0.8327953,56,3.4261
Image_53.jpg,0.5936781,37,6.3546
Image_1725.jpg,0.9340186,53,3.8729
Image_297.jpg,0.97750604,14,3.8834
Image_1622.jpg,0.91683954,2,3.0272
Image_2699.jpg,0.9174682,58,2.7303
Image_548.jpg,0.973437,5,2.7152
Image_86.jpg,0.54475826,19,2.7097
Image_618.jpg,0.96338993,30,5.9324
Image_176.jpg,0.9162912,59,6.0761
Image_1159.jpg,0.98680276,58,3.0717
Image_2601.jpg,0.16300732,68,3.4098
Image_1310.jpg,0.9738801,1,3.2071
Image_1407.jpg,0.9921714,55,2.7424
Image_2041.jpg,0.9837308,18,2.7318
Image_2222.jpg,0.95713407,62,3.3451
Image_188.jpg,0.89107317,25,6.1863
Image_839.jpg,0.8413393,55,4.8661
Image_1576.jpg,0.9892145,9,2.7017
Image_313.jpg,0.97347295,28,2.6981
Image_2169.jpg,0.96256506,59,2.7167
Image_1052.jpg,0.96521753,37,2.6629
Image_621.jpg,0.98970836,36,2.8426
Image_714.jpg,0.9962625,45,3.8609
Image_2410.jpg,0.9574585,69,5.3777
Image_1757.jpg,0.98635,41,6.7483
Image_1870.jpg,0.99367964,15,3.0681
Image_439.jpg,0.97072935,23,2.7162
Image_1411.jpg,0.5634189,19,2.7242
Image_1969.jpg,0.9951668,65,2.6708
Image_2023.jpg,0.7866325,37,2.7324
Image_2065.jpg,0.9337356,71,4.2913
Image_1157.jpg,0.9498512,64,2.8404
Image_2600.jpg,0.9201429,6,2.7097
Image_533.jpg,0.53224725,43,2.7008
Image_330.jpg,0.99681324,1,3.0731
Image_80.jpg,0.94804215,5,3.7949
Image_41.jpg,0.98550826,39,7.4755
Image_856.jpg,0.95859563,73,2.7462
Image_1564.jpg,0.71308,57,2.6916
Image_1131.jpg,0.90436405,61,2.8160
Image_208.jpg,0.611298,60,2.6848
Image_467.jpg,0.9298745,64,2.7048
Image_1462.jpg,0.43807426,21,2.7811
Image_302.jpg,0.9335069,64,2.7280
Image_2728.jpg,0.98902637,49,2.7043
Image_1660.jpg,0.9796361,49,2.6850
Image_2621.jpg,0.41722387,59,3.0082
Image_1917.jpg,0.7128223,68,2.6930
Image_1823.jpg,0.9802176,41,2.7117
Image_1235.jpg,0.63962036,19,2.7026
Image_2105.jpg,0.9830052,29,2.7124
Image_1209.jpg,0.9656356,26,2.8116
Image_2281.jpg,0.99193746,48,3.8169
Image_147.jpg,0.9847537,15,3.3516
Image_2726.jpg,0.9274997,11,3.4156
Image_1456.jpg,0.8921501,8,3.9878
Image_471.jpg,0.4854396,9,2.7018
Image_1493.jpg,0.99258035,36,6.2376
Image_2528.jpg,0.7869098,64,10.8442
Image_595.jpg,0.9946629,43,3.9125
Image_2134.jpg,0.7951661,19,2.6828
Image_310.jpg,0.8843649,50,2.7035
Image_510.jpg,0.92844546,35,2.9920
Image_1941.jpg,0.50501233,21,2.6798
Image_1484.jpg,0.9336727,58,2.7423
Image_2378.jpg,0.3640633,35,2.7292
Image_246.jpg,0.81527853,19,2.7111
Image_1936.jpg,0.8635577,26,2.6685
Image_1158.jpg,0.96207136,45,3.8438
Image_496.jpg,0.998489,74,9.5198
Image_1033.jpg,0.22901015,20,2.7285
Image_473.jpg,0.9002735,18,2.7219
Image_16.jpg,0.55461854,38,2.6958
Image_854.jpg,0.2950879,55,2.6999
Image_406.jpg,0.97568375,45,2.6748
Image_2314.jpg,0.932922,36,2.7724
Image_2656.jpg,0.9970688,18,2.9940
Image_460.jpg,0.5107588,27,3.0517
Image_30.jpg,0.9296109,49,2.7150
Image_2434.jpg,0.9475455,53,2.7162
Image_1191.jpg,0.13351622,59,2.6776
Image_713.jpg,0.7921034,31,3.4966
Image_1104.jpg,0.8910961,60,7.0582
Image_1166.jpg,0.8512378,17,3.4900
Image_294.jpg,0.51534593,38,2.6821
Image_2398.jpg,0.4494231,26,2.8059
Image_1774.jpg,0.90631855,62,2.6925
Image_653.jpg,0.97865605,23,2.6665
Image_2392.jpg,0.9733503,45,2.7805
Image_1704.jpg,0.97491914,51,2.9887
Image_1014.jpg,0.98710096,45,2.6922
Image_2225.jpg,0.989033,39,2.6899
Image_687.jpg,0.65949935,65,2.6773
Image_986.jpg,0.8510153,18,2.7215
Image_1931.jpg,0.5914303,31,2.6877
Image_1296.jpg,0.90307564,53,8.4313
Image_2490.jpg,0.7632355,14,6.7870
Image_625.jpg,0.92053306,21,2.8263
Image_312.jpg,0.41714257,53,3.9336
Image_1345.jpg,0.946225,52,3.7801
Image_103.jpg,0.9463967,12,3.1515
Image_104.jpg,0.9851355,40,5.7681
Image_542.jpg,0.9766625,28,7.2694
Image_1076.jpg,0.97172123,10,2.9455
Image_168.jpg,0.9782839,47,3.5595
Image_2345.jpg,0.888173,54,4.8185
Image_2680.jpg,0.8178608,9,3.5311
Image_433.jpg,0.99151975,36,4.0824
Image_375.jpg,0.59426934,66,2.8153
Image_1250.jpg,0.989326,15,2.7191
Image_1658.jpg,0.9284451,32,2.6701
Image_2678.jpg,0.36635754,43,2.6939
Image_1646.jpg,0.3707352,43,2.6813
Image_1876.jpg,0.9931338,74,2.7562
Image_353.jpg,0.96774936,51,2.7291
Image_1313.jpg,0.96936417,25,2.6791
Image_1003.jpg,0.9765822,67,3.0288
Image_436.jpg,0.98554045,45,2.6876
Image_987.jpg,0.99215186,72,2.6661
Image_1571.jpg,0.99196213,40,2.6803
Image_2135.jpg,0.9926139,16,2.7081
Image_1769.jpg,0.98061085,59,2.7122
Image_1746.jpg,0.93998516,11,4.6888
Image_2663.jpg,0.9888742,40,3.9714
Image_2503.jpg,0.98873645,24,5.0709
Image_440.jpg,0.9678439,0,4.0957
Image_2143.jpg,0.7643769,34,2.6796
Image_812.jpg,0.92971206,21,2.7143
Image_1845.jpg,0.96992683,3,2.7195
Image_795.jpg,0.8072405,3,2.7324
Image_424.jpg,0.69114566,52,4.1244
Image_1079.jpg,0.64004886,38,3.0462
Image_1918.jpg,0.5490649,73,6.9504
Image_2219.jpg,0.8178186,50,3.8022
Image_2668.jpg,0.9796011,47,2.6935
Image_1271.jpg,0.6604145,66,2.7239
Image_344.jpg,0.9663725,8,2.9160
Image_1002.jpg,0.87672037,35,3.7180
Image_399.jpg,0.8842859,6,3.7469
Image_2404.jpg,0.89304113,38,4.2865
Image_1125.jpg,0.87306225,37,6.0440
Image_1376.jpg,0.9670554,3,4.0099
Image_1542.jpg,0.9766402,3,3.9068
Image_2719.jpg,0.9857612,6,2.7252
Image_1868.jpg,0.97138333,32,2.7212
Image_2651.jpg,0.5667063,27,2.9921
Image_2587.jpg,0.9695145,44,2.7002
Image_2294.jpg,0.9544794,14,2.7152
Image_446.jpg,0.81859726,20,2.7268
Image_2769.jpg,0.99103934,58,2.7165
Image_1004.jpg,0.9740234,45,3.8255
Image_161.jpg,0.9922834,59,3.0884
Image_1173.jpg,0.9896752,9,2.7157
Image_593.jpg,0.9865068,43,3.7726
Image_2180.jpg,0.79049003,26,5.2342
Image_2264.jpg,0.987677,4,3.9090
Image_1314.jpg,0.9682188,40,3.9082
Image_1579.jpg,0.97479236,51,2.7479
Image_305.jpg,0.34933543,48,2.6942
Image_544.jpg,0.9286313,73,4.2259
Image_2515.jpg,0.99827814,25,2.8259
Image_185.jpg,0.94628924,22,4.5385
Image_1473.jpg,0.99433583,20,4.2207
Image_813.jpg,0.97838473,28,4.0102
Image_1970.jpg,0.99145937,62,2.7564
Image_2241.jpg,0.873269,33,2.7067
Image_1352.jpg,0.60262835,28,2.7220
Image_2558.jpg,0.8555859,37,2.6624
Image_730.jpg,0.3802915,59,2.7706
Image_2429.jpg,0.47639835,33,2.7865
Image_1837.jpg,0.9943547,3,2.6942
Image_2300.jpg,0.9645823,4,2.6790
Image_1144.jpg,0.9979882,16,2.6833
Image_570.jpg,0.9741247,69,2.6765
Image_1600.jpg,0.98010385,65,2.6678
Image_106.jpg,0.943227,17,2.9929
Image_619.jpg,0.96300286,26,2.8178
Image_26.jpg,0.9846265,74,2.7056
Image_1589.jpg,0.98722154,1,2.7083
Image_1888.jpg,0.78939205,15,2.6963
Image_2570.jpg,0.9579339,74,3.0684
Image_576.jpg,0.45226106,39,8.4868
Image_2085.jpg,0.9711358,26,3.9644
Image_985.jpg,0.94435114,63,3.1747
Image_688.jpg,0.97590715,32,3.0774
Image_2020.jpg,0.9658113,64,3.4531
Image_1461.jpg,0.8159504,34,2.6694
Image_2639.jpg,0.9318199,42,2.7050
Image_567.jpg,0.8914101,24,4.0217
Image_209.jpg,0.8437232,13,6.0915
Image_1016.jpg,0.42992648,30,5.6673
Image_1224.jpg,0.28697142,41,6.1800
Image_1666.jpg,0.9929677,1,3.8026
Image_1977.jpg,0.98133194,6,2.6956
Image_2708.jpg,0.99733835,1,2.7327
Image_1154.jpg,0.978101,15,2.6679
Image_461.jpg,0.9727338,51,3.2104
Image_2073.jpg,0.9892915,1,2.9747
Image_2567.jpg,0.9804186,65,3.1085
Image_2102.jpg,0.8606725,22,8.2645
Image_2336.jpg,0.6543348,57,2.6850
Image_1675.jpg,0.9700495,15,2.7139
Image_1759.jpg,0.96739167,51,2.7033
Image_2652.jpg,0.9951202,6,2.6836
Image_2170.jpg,0.9888446,36,4.1673
Image_979.jpg,0.99434716,16,3.9144
Image_572.jpg,0.9660295,56,4.3669
Image_1309.jpg,0.67353845,49,5.5181
Image_1831.jpg,0.59904057,19,2.6891
Image_1584.jpg,0.8815047,66,2.7098
Image_2625.jpg,0.96254736,0,2.7237
Image_2500.jpg,0.9898301,42,2.7021
Image_1439.jpg,0.87860197,73,2.7049
Image_2165.jpg,0.9684387,3,2.7555
Image_465.jpg,0.3372975,2,4.7916
Image_803.jpg,0.9951094,58,3.9909
Image_74.jpg,0.38383985,1,5.6883
Image_2244.jpg,0.99649686,13,2.6983
Image_1221.jpg,0.9812123,4,2.6870
Image_455.jpg,0.9565288,73,2.6927
Image_307.jpg,0.6530134,16,2.6888
Image_391.jpg,0.9900686,15,2.7037
Image_432.jpg,0.9957854,74,4.6343
Image_1226.jpg,0.94257,42,4.1320
Image_1871.jpg,0.2196199,42,2.8201
Image_613.jpg,0.9377453,0,3.8234
Image_504.jpg,0.4245628,17,3.9454
Image_1626.jpg,0.8607641,15,7.2363
Image_1035.jpg,0.31914994,34,3.4424
Image_1368.jpg,0.78778374,7,2.7575
Image_2064.jpg,0.98836434,39,2.6972
Image_2480.jpg,0.85604215,22,2.9827
Image_332.jpg,0.91512644,70,2.7240
Image_2038.jpg,0.3837727,33,2.7081
Image_2591.jpg,0.57994443,26,2.7359
Image_1371.jpg,0.701035,49,2.6930
Image_1187.jpg,0.9766337,54,2.7517
Image_435.jpg,0.86506134,14,4.0280
Image_579.jpg,0.9868037,72,8.7170
Image_12.jpg,0.3499451,35,3.3310
Image_407.jpg,0.99325037,36,2.7581
Image_1289.jpg,0.90583116,12,2.7041
Image_2097.jpg,0.87826467,28,2.7386
Image_2371.jpg,0.90818274,28,2.6983
Image_2630.jpg,0.7487615,60,2.7511
Image_1343.jpg,0.97371304,25,3.9537
Image_1996.jpg,0.99516416,32,2.8753
Image_2257.jpg,0.96787685,48,2.7234
Image_1403.jpg,0.53462875,11,2.6893
Image_2366.jpg,0.9813534,61,2.6601
Image_1585.jpg,0.44663665,19,3.5888
Image_2563.jpg,0.98513466,37,8.4500
Image_2253.jpg,0.9869076,16,2.7016
Image_2487.jpg,0.8996625,71,2.7914
Image_1312.jpg,0.72794604,26,2.6734
Image_2624.jpg,0.9625625,64,2.7004
Image_892.jpg,0.987566,21,2.7289
Image_328.jpg,0.45287308,38,2.7270
Image_1938.jpg,0.8410973,19,2.6829
Image_920.jpg,0.5962718,38,2.6656
Image_2303.jpg,0.94549876,48,3.0994
Image_2265.jpg,0.98440707,6,2.6881
Image_861.jpg,0.76876885,48,2.7032
Image_2267.jpg,0.9732949,32,2.6946
Image_1475.jpg,0.9620646,41,2.6693
Image_1132.jpg,0.8766021,17,2.8418
Image_903.jpg,0.93222046,61,4.1374
Image_2447.jpg,0.97239876,37,3.1791
Image_40.jpg,0.9962155,14,2.9871
Image_643.jpg,0.53157365,57,4.8022
Image_722.jpg,0.94150203,28,2.6944
Image_2333.jpg,0.98315454,65,4.9113
Image_2026.jpg,0.9708883,21,5.6223
Image_129.jpg,0.8923394,64,8.0720
Image_1254.jpg,0.45284408,27,4.2189
Image_2084.jpg,0.98552936,5,9.8501
Image_1570.jpg,0.9036714,28,3.2152
Image_1640.jpg,0.5868503,72,3.5097
Image_1164.jpg,0.9852667,40,2.9092
Image_1015.jpg,0.57375467,38,2.7035
Image_2298.jpg,0.9812337,47,2.7009
Image_2361.jpg,0.99369824,36,2.7854
Image_512.jpg,0.9479157,33,2.7835
Image_2148.jpg,0.9826523,41,2.6629
Image_674.jpg,0.9033551,49,2.7039
Image_1925.jpg,0.8184023,38,2.6877
Image_2167.jpg,0.9610995,24,2.7223
Image_472.jpg,0.9549989,26,3.0162
Image_659.jpg,0.62729514,24,2.7088
Image_1544.jpg,0.96098375,10,2.7070
Image_1724.jpg,0.972148,8,2.6891
Image_173.jpg,0.9810364,20,2.7104
Image_1537.jpg,0.9940953,47,2.6826
Image_245.jpg,0.73252094,36,5.7984
Image_676.jpg,0.64182025,46,6.6694
Image_2750.jpg,0.9713821,58,2.9384
Image_1527.jpg,0.8668581,8,2.7162
Image_1677.jpg,0.98604137,48,2.6571
Image_1708.jpg,0.9855618,67,2.6935
Image_883.jpg,0.9873061,36,2.7140
Image_97.jpg,0.9005876,70,2.7764
Image_2311.jpg,0.4051183,42,3.8718
Image_1653.jpg,0.49114463,63,3.0249
Image_667.jpg,0.6187637,72,2.8690
Image_2547.jpg,0.9877955,29,2.7014
Image_1541.jpg,0.8876973,62,2.7252
Image_1048.jpg,0.9782098,64,2.9165
Image_2128.jpg,0.9570601,73,4.8270
Image_1080.jpg,0.72111726,2,7.5741
Image_326.jpg,0.9636879,2,3.8732
Image_1114.jpg,0.909724,63,3.7372
Image_437.jpg,0.4146239,40,2.9967
Image_27.jpg,0.17166975,65,3.9584
Image_1928.jpg,0.65732306,36,8.4059
Image_2597.jpg,0.97935975,29,3.0489
Image_2067.jpg,0.96474,15,2.7091
Image_1690.jpg,0.956772,18,2.7062
Image_650.jpg,0.75952446,22,2.7041
Image_419.jpg,0.52675927,25,2.7237
Image_1821.jpg,0.98222715,39,2.6965
Image_2048.jpg,0.6960306,55,4.2933
Image_2395.jpg,0.6045089,68,6.5432
Image_828.jpg,0.49533147,43,5.7032
Image_77.jpg,0.96427,45,2.6756
Image_755.jpg,0.8381302,30,2.7193
Image_1127.jpg,0.7672854,60,2.6992
Image_2758.jpg,0.30811366,20,2.7152
Image_1539.jpg,0.5024527,11,2.6747
Image_1819.jpg,0.98253053,66,4.3301
Image_2540.jpg,0.96733266,29,2.9781
Image_503.jpg,0.98946196,52,2.6751
Image_566.jpg,0.8765388,66,2.7425
Image_1595.jpg,0.8672402,61,2.9656
Image_443.jpg,0.9579131,2,9.0554
Image_819.jpg,0.9727514,60,2.7648
Image_43.jpg,0.80941266,20,2.7043
Image_2631.jpg,0.9919774,9,2.8241
Image_2606.jpg,0.97883874,9,2.6860
Image_1963.jpg,0.9645667,22,2.6793
Image_1454.jpg,0.7840967,71,2.7977
Image_2211.jpg,0.30385143,33,2.6599
Image_1350.jpg,0.97735345,36,2.6803
Image_225.jpg,0.91298217,25,2.6995
Image_2224.jpg,0.9799612,65,2.6927
Image_1175.jpg,0.87020516,22,3.0512
Image_1063.jpg,0.8921185,34,2.7438
Image_1687.jpg,0.9808688,74,2.6833
Image_2334.jpg,0.9340535,2,2.7010
Image_61.jpg,0.52692974,27,2.7039
Image_2218.jpg,0.54603076,26,2.7067
Image_1442.jpg,0.5671777,72,3.8157
Image_2100.jpg,0.6557811,44,3.3891
Image_1117.jpg,0.36419228,33,5.6147
Image_2675.jpg,0.6979344,49,4.6870
Image_2124.jpg,0.73322517,38,4.0130
Image_34.jpg,0.4003305,45,3.5520
Image_849.jpg,0.84203696,14,3.0709
Image_2114.jpg,0.9192568,21,2.7353
Image_554.jpg,0.71146125,73,7.2580
Image_944.jpg,0.97109085,74,5.0480
Image_139.jpg,0.7308068,19,2.7212
Image_1069.jpg,0.9892674,6,3.1590
Image_2642.jpg,0.901687,59,3.5304
Image_2094.jpg,0.70808387,58,5.9917
Image_1137.jpg,0.82135147,55,4.6525
Image_1713.jpg,0.25726452,56,2.8704
Image_753.jpg,0.99529207,70,2.7030
Image_152.jpg,0.8770741,45,2.6774
Image_774.jpg,0.8883973,52,3.4686
Image_2534.jpg,0.99407554,16,3.7728
Image_136.jpg,0.98631626,10,5.3529
Image_1275.jpg,0.99242836,42,3.7467
Image_2007.jpg,0.99046093,74,2.7287
Image_1020.jpg,0.92724985,16,3.8855
Image_1119.jpg,0.9473758,40,3.3780
Image_404.jpg,0.96653026,50,2.7111
Image_158.jpg,0.9703119,62,4.1550
Image_890.jpg,0.9880769,22,6.1539
Image_2450.jpg,0.9933321,1,3.1599
Image_670.jpg,0.9666208,4,2.7469
Image_660.jpg,0.9865298,29,2.7022
Image_2551.jpg,0.969717,4,2.6736
Image_843.jpg,0.9817894,35,2.8264
Image_1657.jpg,0.99695647,59,2.7292
Image_2618.jpg,0.99536514,1,2.7636
Image_2513.jpg,0.96225655,64,2.6904
Image_112.jpg,0.35804313,55,2.9974
Image_1812.jpg,0.89110994,6,2.6955
Image_14.jpg,0.94830024,45,2.7014
Image_2443.jpg,0.92952037,26,2.9107
Image_62.jpg,0.97017473,67,2.6849
Image_254.jpg,0.98521256,51,2.6685
Image_2019.jpg,0.44635606,27,4.1003
Image_2357.jpg,0.52514076,27,2.7636
Image_397.jpg,0.7900918,4,3.9908
Image_128.jpg,0.7154551,37,3.7988
Image_1953.jpg,0.5212258,22,3.0205
Image_1217.jpg,0.94135857,37,3.2143
Image_413.jpg,0.96875685,6,6.0922
Image_271.jpg,0.9737787,6,3.9217
Image_2538.jpg,0.9858482,58,7.4065
Image_2554.jpg,0.9812501,4,4.3433
Image_2438.jpg,0.6780493,43,2.8623
Image_2492.jpg,0.8642506,30,3.6045
Image_2308.jpg,0.95751804,39,4.5148
Image_1112.jpg,0.8587302,66,4.3633
Image_2103.jpg,0.92972034,67,3.6548
Image_1304.jpg,0.99448097,9,2.8022
Image_994.jpg,0.9668304,0,2.7207
Image_2206.jpg,0.9737554,51,2.7092
Image_2634.jpg,0.9926196,9,2.6684
Image_876.jpg,0.99325925,16,2.7470
Image_1729.jpg,0.98920655,54,2.7969
Image_1328.jpg,0.9233576,73,2.6900
Image_840.jpg,0.96961987,42,2.7136
Image_1852.jpg,0.92243946,40,2.9955
Image_1415.jpg,0.9334157,46,2.6808
Image_113.jpg,0.57003254,56,2.7287
Image_1583.jpg,0.9187436,43,2.6965
Image_29.jpg,0.98791957,5,2.6951
Image_2228.jpg,0.8917166,31,2.6990
Image_1586.jpg,0.9766371,16,2.6972
Image_2319.jpg,0.93774205,44,4.0582
Image_2397.jpg,0.9910239,54,3.1061
Image_447.jpg,0.9864042,25,6.3476
Image_2260.jpg,0.3703331,68,5.6451
Image_816.jpg,0.8094894,58,2.6850
Image_899.jpg,0.7912011,24,2.6937
Image_119.jpg,0.40761998,8,2.6752
Image_1832.jpg,0.93353224,54,2.7527
Image_2183.jpg,0.99577725,58,5.0992
Image_2284.jpg,0.993982,37,2.7545
Image_1424.jpg,0.9898039,9,4.9746
Image_486.jpg,0.9902238,43,3.7384
Image_1804.jpg,0.7176494,44,3.4929
Image_1232.jpg,0.9278359,39,2.6985
Image_373.jpg,0.91275406,52,3.9382
Image_1.jpg,0.52359295,52,3.7220
Image_92.jpg,0.9816508,39,3.5029
Image_1949.jpg,0.9650113,62,2.7419
Image_2130.jpg,0.52201205,9,2.7145
Image_1995.jpg,0.54013777,56,3.4865
Image_1701.jpg,0.9536396,60,3.2153
Image_2003.jpg,0.98610944,71,2.7001
Image_2194.jpg,0.96335196,13,5.1976
Image_1028.jpg,0.9951041,9,3.6432
Image_196.jpg,0.9867448,51,4.2427
Image_2153.jpg,0.56065845,9,2.7720
Image_239.jpg,0.8063622,4,6.7782
Image_685.jpg,0.9776604,14,3.1763
Image_565.jpg,0.49008673,51,4.4827
Image_459.jpg,0.95773286,69,2.7606
Image_723.jpg,0.98122245,25,2.7129
Image_2475.jpg,0.6373445,21,2.7030
Image_1108.jpg,0.98613304,70,2.7106
Image_879.jpg,0.97510374,32,2.6817
Image_2413.jpg,0.98083776,4,3.9251
Image_1248.jpg,0.9038449,64,7.6816
Image_2000.jpg,0.9857371,43,3.7376
Image_719.jpg,0.8318417,8,2.6810
Image_1667.jpg,0.41724616,20,4.3702
Image_346.jpg,0.9827483,34,2.7581
Image_2187.jpg,0.22314286,61,2.6753
Image_1625.jpg,0.7330373,42,2.8885
Image_1259.jpg,0.98971575,53,3.0187
Image_2122.jpg,0.929574,74,2.7002
Image_1366.jpg,0.7277014,45,2.7523
Image_2394.jpg,0.51666296,18,2.6624
Image_1282.jpg,0.82703227,2,2.7118
Image_405.jpg,0.6551258,60,2.7073
Image_847.jpg,0.92187715,71,2.6960
Image_1926.jpg,0.7620666,65,2.7500
Image_48.jpg,0.99425006,15,2.7662
Image_762.jpg,0.46734306,0,3.0313
Image_1601.jpg,0.7584537,8,2.7039
Image_535.jpg,0.9120085,66,2.7003
Image_1857.jpg,0.8544462,35,3.0503
Image_1608.jpg,0.97961056,70,2.7247
Image_2074.jpg,0.9446133,33,2.6773
Image_201.jpg,0.9811405,15,3.7638
Image_1863.jpg,0.26090407,37,3.6844
Image_1670.jpg,0.7055245,8,4.6680
Image_2057.jpg,0.3132235,32,4.1243
Image_2150.jpg,0.970403,13,7.2823
Image_13.jpg,0.13533002,25,5.3793
Image_28.jpg,0.7721244,71,6.9877
Image_2087.jpg,0.78653926,61,3.3993
Image_1668.jpg,0.7791093,16,6.5677
Image_2342.jpg,0.9256361,4,4.9794
Image_143.jpg,0.9838464,43,3.4583
Image_1940.jpg,0.9407813,41,2.7201
Image_2138.jpg,0.9091968,58,2.6384
Image_1207.jpg,0.79685694,25,3.1718
Image_182.jpg,0.9884338,59,2.6672
Image_1065.jpg,0.9835323,45,2.7664
Image_2076.jpg,0.9337289,46,2.7165
Image_1973.jpg,0.6121039,3,2.6710
Image_401.jpg,0.8813212,18,2.7159
Image_1549.jpg,0.9785302,59,2.7282
Image_479.jpg,0.91469604,66,2.6814
Image_1652.jpg,0.68380296,71,3.0008
Image_2062.jpg,0.9826292,66,2.6773
Image_2193.jpg,0.8815493,34,2.6876
Image_2004.jpg,0.90857476,28,2.6959
Image_1355.jpg,0.9357276,21,2.6823
Image_390.jpg,0.9934564,74,2.6835
Image_2412.jpg,0.99031794,29,3.6718
Image_2243.jpg,0.9592656,73,9.3376
Image_888.jpg,0.9729275,56,3.2592
Image_1777.jpg,0.9768133,48,2.6934
Image_75.jpg,0.34828526,10,2.6766
Image_2488.jpg,0.32316074,17,2.6983
Image_2704.jpg,0.8034946,52,2.6926
Image_2293.jpg,0.97062093,50,2.7138
Image_1854.jpg,0.6674472,36,4.8113
Image_672.jpg,0.92272514,7,7.7754
Image_2245.jpg,0.78583133,31,2.6897
Image_1472.jpg,0.8992881,17,2.6921
Image_2400.jpg,0.6290246,19,2.6926
Image_1421.jpg,0.50932044,22,2.7206
Image_120.jpg,0.68609464,68,2.6708
Image_1042.jpg,0.95609367,14,2.7727
Image_2632.jpg,0.80600643,21,3.2324
Image_2460.jpg,0.9535892,45,2.8678
Image_224.jpg,0.94384366,34,2.7522
Image_1046.jpg,0.9583233,25,2.8754
Image_2633.jpg,0.7743065,35,3.0867
Image_802.jpg,0.25730035,49,3.2224
Image_166.jpg,0.98493725,54,4.0844
Image_864.jpg,0.99479574,45,2.7219
Image_394.jpg,0.9916769,46,3.7548
Image_581.jpg,0.7552251,40,2.7014
Image_1332.jpg,0.98494244,29,2.8040
Image_1265.jpg,0.98751104,37,8.3564
Image_1909.jpg,0.99120504,58,4.4459
Image_1519.jpg,0.9860151,53,3.2504
Image_2285.jpg,0.99766684,47,8.9623
Image_2648.jpg,0.7103381,63,3.3858
Image_1161.jpg,0.9937171,36,2.7206
Image_2660.jpg,0.85208976,14,2.7053
Image_1120.jpg,0.9539307,70,2.6737
Image_1338.jpg,0.96374863,51,2.6860
Image_1053.jpg,0.46885937,46,4.2933
Image_283.jpg,0.94704604,10,3.2544
Image_2106.jpg,0.87541753,65,8.1702
Image_1007.jpg,0.80715334,44,3.5351
Image_276.jpg,0.442706,63,2.6990
Image_2367.jpg,0.9498479,37,2.6967
Image_2455.jpg,0.9591543,31,2.6920
Image_89.jpg,0.99805367,1,2.6786
Image_309.jpg,0.95971733,65,2.8539
Image_2212.jpg,0.691607,32,2.7963
Image_1184.jpg,0.94788224,19,2.6905
Image_1393.jpg,0.9554046,11,2.6751
Image_855.jpg,0.5132148,43,2.6914
Image_2689.jpg,0.6602916,19,2.8462
Image_2757.jpg,0.97756726,41,2.7172
Image_2216.jpg,0.987812,13,2.6942
Image_1206.jpg,0.88279724,16,3.0070
Image_1865.jpg,0.99527717,8,2.7278
Image_1747.jpg,0.5781375,1,2.7256
Image_2464.jpg,0.9506973,24,2.7052
Image_1534.jpg,0.4058644,63,2.6814
Image_1470.jpg,0.9253335,52,2.7082
Image_1372.jpg,0.9881918,59,4.1071
Image_740.jpg,0.7999658,22,2.8255
Image_1797.jpg,0.6717217,38,4.3516
Image_2355.jpg,0.93901604,11,2.8551
Image_547.jpg,0.91947925,2,3.4256
Image_5.jpg,0.9788624,43,3.3388
Image_1621.jpg,0.9799718,40,3.7427
Image_2330.jpg,0.61283076,48,2.8995
Image_1518.jpg,0.93444616,71,7.4705
Image_705.jpg,0.946323,49,6.2353
Image_1354.jpg,0.871322,8,4.5138
Image_1204.jpg,0.43084472,20,4.8616
Image_1262.jpg,0.8266658,17,4.4368
Image_2784.jpg,0.93998337,19,4.0835
Image_675.jpg,0.73183405,25,2.7658
Image_807.jpg,0.788794,64,2.7518
Image_1041.jpg,0.94367474,2,2.7124
Image_1497.jpg,0.96822315,70,2.6950
Image_1218.jpg,0.9941795,15,2.6819
Image_1971.jpg,0.5752166,14,2.7345
Image_1733.jpg,0.9626596,45,2.7302
Image_73.jpg,0.9933217,48,2.7049
Image_1382.jpg,0.5919953,6,2.9933
Image_1991.jpg,0.886648,34,2.6977
Image_684.jpg,0.99549246,20,2.6984
Image_1225.jpg,0.98953015,51,2.7078
Image_1047.jpg,0.9730272,54,2.7008
Image_823.jpg,0.6926361,68,2.6733
Image_2068.jpg,0.98962843,62,3.7965
Image_1923.jpg,0.83457494,40,3.0355
Image_894.jpg,0.975894,10,4.6932
Image_2305.jpg,0.9875092,13,6.3312
Image_2419.jpg,0.7211925,38,3.1161
Image_2359.jpg,0.9976037,74,2.7561
Image_1848.jpg,0.98773533,23,2.7222
Image_1789.jpg,0.9438242,44,2.6954
Image_2417.jpg,0.9787472,5,4.1677
Image_1894.jpg,0.9912286,5,3.4404
Image_2185.jpg,0.28145042,28,6.2592
Image_2339.jpg,0.9177123,55,3.3129
Image_1170.jpg,0.9758902,58,2.7173
Image_2254.jpg,0.8993174,42,2.6872
Image_111.jpg,0.9514439,28,2.7472
Image_2016.jpg,0.9949307,39,2.7186
Image_4.jpg,0.9800749,36,2.7079
Image_556.jpg,0.88900816,64,3.0144
Image_2290.jpg,0.9973411,61,3.8366
Image_2466.jpg,0.79203594,46,4.1348
Image_1213.jpg,0.6857286,45,3.6680
Image_2080.jpg,0.8450633,55,6.6399
Image_260.jpg,0.9683488,10,4.3418
Image_1656.jpg,0.63432115,66,3.6335
Image_964.jpg,0.9430793,47,2.7312
Image_1073.jpg,0.59985733,65,2.7199
Image_356.jpg,0.3780357,22,2.6507
Image_462.jpg,0.98009163,7,2.6977
Image_967.jpg,0.88766253,11,4.2390
Image_2289.jpg,0.9907889,62,2.8426
Image_952.jpg,0.934476,53,2.6652
Image_253.jpg,0.9843774,40,2.6870
Image_1850.jpg,0.7052802,34,2.7018
Image_651.jpg,0.9359453,67,7.0047
Image_2186.jpg,0.92218256,37,4.0927
Image_2295.jpg,0.68691474,45,2.7586
Image_1369.jpg,0.9869197,20,3.9078
Image_2127.jpg,0.84301585,72,3.0086
Image_922.jpg,0.98977685,32,2.7481
Image_2272.jpg,0.9519563,52,6.5360
Image_1230.jpg,0.9710037,45,4.2875
Image_229.jpg,0.98463005,29,2.7629
Image_2526.jpg,0.93704516,11,2.6844
Image_2482.jpg,0.8155121,71,2.6738
Image_2645.jpg,0.9789989,62,2.7791
Image_738.jpg,0.99679875,43,2.8046
Image_2735.jpg,0.97492343,28,2.7408
Image_2352.jpg,0.97856575,72,2.6816
Image_1400.jpg,0.98761207,74,2.6842
Image_2056.jpg,0.97811186,13,2.6677
Image_904.jpg,0.97764426,3,2.6775
Image_1515.jpg,0.6067273,6,2.6739
Image_1710.jpg,0.9949877,14,2.7615
Image_610.jpg,0.6824268,22,3.0281
Image_1148.jpg,0.96558696,62,2.6773
Image_2736.jpg,0.91594326,50,2.6874
Image_1200.jpg,0.9808132,74,2.6804
Image_1955.jpg,0.5946733,20,2.6986
Image_282.jpg,0.9534705,60,2.6835
Image_66.jpg,0.90007585,18,3.7729
Image_1215.jpg,0.81770146,61,2.6958
Image_1551.jpg,0.99046624,58,3.1757
Image_204.jpg,0.67242,38,3.7790
Image_1927.jpg,0.73074645,11,3.8150
Image_2312.jpg,0.858517,58,4.2532
Image_293.jpg,0.866718,17,2.7069
Image_1785.jpg,0.55031633,38,6.6010
Image_1105.jpg,0.99694675,36,5.5192
Image_1410.jpg,0.9898977,5,6.0990
Image_2572.jpg,0.98598933,39,3.6031
Image_1419.jpg,0.9869615,5,3.5109
Image_2327.jpg,0.87673265,51,4.1755
Image_2682.jpg,0.9848872,29,8.4864
Image_1513.jpg,0.6236574,38,2.9114
Image_627.jpg,0.99361455,36,2.7230
Image_1606.jpg,0.98292726,74,2.6972
Image_2232.jpg,0.9648989,56,2.6812
Image_1100.jpg,0.8879843,70,2.7694
Image_2759.jpg,0.09881609,45,2.9267
Image_1526.jpg,0.587377,55,2.7634
Image_1532.jpg,0.99504167,47,2.7847
Image_1241.jpg,0.42101076,36,3.0236
Image_1798.jpg,0.5211477,14,2.6888
Image_1050.jpg,0.8120357,11,2.6877
Image_1517.jpg,0.7822971,25,2.9166
Image_2584.jpg,0.99143595,13,2.6727
Image_1930.jpg,0.86744153,16,2.6972
Image_2028.jpg,0.49976587,38,3.9625
Image_1528.jpg,0.828157,68,2.7544
Image_1482.jpg,0.9884935,14,2.7222
Image_524.jpg,0.87312746,21,3.2051
Image_2063.jpg,0.95289713,53,2.9407
Image_2236.jpg,0.7230986,38,3.3120
Image_2457.jpg,0.9834683,58,8.0627
Image_187.jpg,0.9570716,64,2.7106
Image_488.jpg,0.6685293,54,4.1383
Image_1129.jpg,0.9767125,20,2.9067
Image_1978.jpg,0.7282942,19,2.7131
Image_321.jpg,0.9861167,6,6.0503
Image_107.jpg,0.9345562,72,3.9644
Image_1303.jpg,0.8901588,30,2.6886
Image_698.jpg,0.7615717,49,2.6756
Image_2766.jpg,0.9906365,61,2.6849
Image_2390.jpg,0.9597378,12,3.1036
Image_2302.jpg,0.5404948,36,4.5867
Image_797.jpg,0.9836563,47,2.7252
Image_1357.jpg,0.71524775,34,4.6464
Image_1835.jpg,0.963654,30,6.3678
Image_233.jpg,0.56761664,19,4.5554
Image_872.jpg,0.94441134,24,3.3438
Image_2644.jpg,0.88897,26,2.6967
Image_1198.jpg,0.87653524,21,2.7016
Image_495.jpg,0.95339763,55,2.6965
Image_2409.jpg,0.8348047,73,2.6624
Image_408.jpg,0.9697731,23,4.2990
Image_1414.jpg,0.3077327,25,6.7306
Image_1036.jpg,0.17374678,5,4.4737
Image_2322.jpg,0.96370184,0,2.6875
Image_2181.jpg,0.64047617,27,2.6973
Image_1612.jpg,0.94307524,23,2.6910
Image_478.jpg,0.8325096,28,2.7076
Image_1008.jpg,0.959179,46,2.7020
Image_557.jpg,0.9951343,45,4.3525
Image_1426.jpg,0.97508323,6,2.8741
Image_2486.jpg,0.87535024,30,3.5440
Image_746.jpg,0.9841851,17,3.0218
Image_662.jpg,0.866955,63,5.9682
Image_1597.jpg,0.7555326,13,3.9330
Image_2510.jpg,0.27322933,65,2.7020
Image_2691.jpg,0.98544854,32,2.7172
Image_2098.jpg,0.96255386,56,2.7034
Image_259.jpg,0.91498536,61,2.7796
Image_235.jpg,0.99110365,4,2.7048
Image_469.jpg,0.50100917,19,2.7683
Image_766.jpg,0.41951662,43,2.7038
Image_1651.jpg,0.9485501,46,2.6962
Image_1650.jpg,0.8658704,17,2.6990
Image_1799.jpg,0.89125115,64,2.8675
Image_509.jpg,0.9654052,67,2.7463
Image_1394.jpg,0.8195381,35,2.9954
Image_285.jpg,0.964634,0,2.7166
Image_970.jpg,0.9924247,3,2.6833
Image_2348.jpg,0.8699172,71,2.6932
Image_1071.jpg,0.5807105,65,2.7005
Image_2742.jpg,0.86062676,36,2.6764
Image_492.jpg,0.580606,28,7.1463
Image_1151.jpg,0.9568406,18,4.0398
Image_1509.jpg,0.7151456,25,4.3965
Image_1636.jpg,0.99373853,1,3.9035
Image_219.jpg,0.44444954,27,2.9450
Image_244.jpg,0.4469624,2,3.8195
Image_1397.jpg,0.96800226,16,2.7476
Image_1554.jpg,0.98029035,49,4.1538
Image_1189.jpg,0.98020566,33,3.6941
Image_712.jpg,0.9888016,64,5.5128
Image_299.jpg,0.98431593,20,5.0234
Image_2532.jpg,0.7878224,42,6.4410
Image_1793.jpg,0.94352937,46,3.6929
Image_2566.jpg,0.2871939,24,3.6443
Image_2430.jpg,0.41570702,2,2.7801
Image_2179.jpg,0.9568052,26,2.7045
Image_87.jpg,0.9656144,26,2.6944
Image_641.jpg,0.95568746,33,2.7891
Image_83.jpg,0.95748013,67,2.6997
Image_2771.jpg,0.36756715,11,2.6990
Image_180.jpg,0.95108837,64,2.6833
Image_1084.jpg,0.5170286,17,2.7320
Image_1072.jpg,0.8344963,19,3.0309
Image_193.jpg,0.9819671,16,2.7929
Image_1359.jpg,0.8997345,26,2.7039
Image_1483.jpg,0.21091472,61,2.7546
Image_1566.jpg,0.9618507,34,2.7193
Image_1964.jpg,0.38786927,65,2.7172
Image_2262.jpg,0.9133597,8,4.0332
Image_378.jpg,0.97115165,59,4.1529
Image_2363.jpg,0.9811632,56,6.0451
Image_821.jpg,0.3310924,40,3.6490
Image_1921.jpg,0.96470994,12,2.7295
Image_1135.jpg,0.97599775,60,2.6773
Image_59.jpg,0.9868356,20,2.7136
Image_1891.jpg,0.9929872,63,2.7245
Image_984.jpg,0.66458434,13,3.2137
Image_1086.jpg,0.6578387,25,4.4673
Image_2610.jpg,0.95277053,43,3.2581
Image_1951.jpg,0.9591785,17,7.3445
Image_220.jpg,0.81375057,66,2.8390
Image_127.jpg,0.96358323,35,2.8997
Image_2611.jpg,0.52052766,23,2.7414
Image_1980.jpg,0.976383,7,2.6761
Image_1574.jpg,0.9464782,52,2.9950
Image_1726.jpg,0.88913906,40,5.0591
Image_1840.jpg,0.71045274,19,2.9676
Image_101.jpg,0.87985206,23,3.5046
Image_370.jpg,0.90896374,7,2.8542
Image_2548.jpg,0.4076605,71,3.1876
Image_2317.jpg,0.60861486,47,9.0748
Image_2531.jpg,0.2766885,32,2.7173
Image_1430.jpg,0.5322405,12,2.7077
Image_921.jpg,0.9724668,15,2.6840
Image_778.jpg,0.69750214,39,2.6907
Image_2033.jpg,0.8372368,40,3.7427
Image_1750.jpg,0.7590362,40,5.3264
Image_2585.jpg,0.77043337,2,5.9789
Image_980.jpg,0.9674956,35,3.3095
Image_614.jpg,0.96578526,70,2.6817
Image_1142.jpg,0.9877893,3,2.7091
Image_850.jpg,0.99272245,42,2.7314
Image_1228.jpg,0.93780255,16,2.7436
Image_957.jpg,0.64761925,27,2.7501
Image_1716.jpg,0.97978836,23,4.5140
Image_1986.jpg,0.9980482,15,5.4472
Image_468.jpg,0.9746841,16,5.6827
Image_1389.jpg,0.39449304,2,2.6946
Image_1883.jpg,0.983579,54,2.6909
Image_884.jpg,0.9531894,34,2.6802
Image_739.jpg,0.9793067,49,2.7331
Image_1005.jpg,0.9948879,15,3.0158
Image_1037.jpg,0.97917193,51,2.7877
Image_2635.jpg,0.69937325,44,2.6967
Image_1954.jpg,0.9716206,24,2.6987
Image_1126.jpg,0.9757096,35,2.6920
Image_1287.jpg,0.96823376,52,2.7402
Image_2738.jpg,0.98188573,24,2.7417
Image_95.jpg,0.95809126,71,2.6914
Image_963.jpg,0.9967618,47,2.6783
Image_1280.jpg,0.91105115,29,2.6902
Image_1153.jpg,0.9353837,49,3.0152
Image_414.jpg,0.906603,60,2.6710
Image_1401.jpg,0.7149518,19,2.6948
Image_380.jpg,0.8911276,5,2.7062
Image_1238.jpg,0.50816965,33,2.6999
Image_965.jpg,0.9013425,60,3.6927
Image_955.jpg,0.9888178,32,3.0265
Image_458.jpg,0.97995776,67,2.8672
Image_2078.jpg,0.99038106,69,6.1896
Image_1378.jpg,0.5143441,27,6.7905
Image_1693.jpg,0.9967805,1,2.7121
Image_1288.jpg,0.9476256,58,3.7632
Image_935.jpg,0.8146235,38,2.7121
Image_1123.jpg,0.8475961,46,3.1068
Image_1412.jpg,0.9561612,58,7.4512
Image_2416.jpg,0.98802584,74,3.1251
Image_534.jpg,0.9867796,23,3.9971
Image_582.jpg,0.7404697,19,4.2736
Image_150.jpg,0.7245802,19,5.6567
Image_2372.jpg,0.98688775,21,3.2565
Image_145.jpg,0.8837623,44,4.1163
Image_258.jpg,0.7676805,39,2.7048
Image_2424.jpg,0.99284303,3,2.7256
Image_2279.jpg,0.87500346,7,2.7163
Image_2687.jpg,0.86231995,10,2.7171
Image_833.jpg,0.973859,29,2.6798
Image_347.jpg,0.9960246,43,2.7989
Image_671.jpg,0.96407473,10,3.0511
Image_1243.jpg,0.86500335,74,2.7080
Image_2733.jpg,0.79850525,21,2.7091
Image_2763.jpg,0.91187304,32,2.6791
Image_1466.jpg,0.9851118,23,2.6833
Image_2255.jpg,0.9203875,8,2.7008
Image_2739.jpg,0.68762183,41,4.0443
Image_1396.jpg,0.97457707,52,2.8458
Image_291.jpg,0.936157,44,2.7817
Image_2493.jpg,0.8729771,70,2.8218
Image_1383.jpg,0.83435,38,2.7562
Image_223.jpg,0.96214885,12,3.9026
Image_848.jpg,0.8061468,46,6.2005
Image_1196.jpg,0.9886563,9,3.3684
Image_1295.jpg,0.97815794,18,3.0599
Image_2589.jpg,0.676109,69,3.6671
Image_2203.jpg,0.49187532,68,2.9053
Image_277.jpg,0.96204597,34,2.7797
Image_520.jpg,0.23018576,22,2.7508
Image_2049.jpg,0.82994103,49,6.0584
Image_2723.jpg,0.96394867,28,3.8304
Image_620.jpg,0.98485273,59,3.2701
Image_1152.jpg,0.68221915,31,2.9357
Image_777.jpg,0.9673285,67,2.7801
Image_2031.jpg,0.8463744,36,3.0959
Image_2697.jpg,0.9492522,46,3.5170
Image_2453.jpg,0.97729117,20,6.3512
Image_1855.jpg,0.8980911,61,3.2917
Image_928.jpg,0.8816514,65,5.7342
Image_1875.jpg,0.9956872,1,5.0660
Image_1648.jpg,0.9792864,7,2.7520
Image_915.jpg,0.91834456,21,2.6922
Image_2775.jpg,0.9648375,21,2.6691
Image_992.jpg,0.43560734,66,2.6616
Image_829.jpg,0.89877135,53,5.3458
Image_529.jpg,0.8195802,19,8.1139
Image_57.jpg,0.9889369,67,2.7402
Image_226.jpg,0.9929415,1,2.6694
Image_717.jpg,0.98655635,70,2.6978
Image_1582.jpg,0.94909924,46,2.7104
Image_811.jpg,0.93181205,65,2.7722
Image_1244.jpg,0.86739534,13,2.6947
Image_2231.jpg,0.9912595,67,3.7400
Image_857.jpg,0.9494502,53,3.5485
Image_2451.jpg,0.9929981,42,2.7092
Image_1001.jpg,0.9862316,61,2.6590
Image_677.jpg,0.81452465,64,2.8465
Image_1227.jpg,0.87935066,32,6.2760
Image_2483.jpg,0.9380453,40,3.4392
Image_1592.jpg,0.96971995,67,3.6977
Image_345.jpg,0.6697541,46,2.7034
Image_2227.jpg,0.9785896,58,2.8245
Image_1318.jpg,0.22253412,27,2.7006
Image_1023.jpg,0.95513296,58,2.6916
Image_2465.jpg,0.8124747,26,2.6741
Image_2282.jpg,0.9382333,47,2.7057
Image_697.jpg,0.9277828,49,2.7138
Image_1045.jpg,0.9030857,32,2.7360
Image_221.jpg,0.9760795,15,3.0073
Image_438.jpg,0.920824,44,2.6800
Image_2201.jpg,0.9887828,52,2.7003
Image_2032.jpg,0.98741907,47,2.7407
Image_1853.jpg,0.9645965,42,2.7041
Image_374.jpg,0.9623739,34,2.7201
Image_1880.jpg,0.8923775,35,3.9602
Image_2722.jpg,0.84129626,61,8.2947
Image_906.jpg,0.9527083,28,2.6951
Image_799.jpg,0.4641684,27,2.9091
Image_727.jpg,0.91870177,11,3.2831
Image_786.jpg,0.9662542,64,5.7985
Image_832.jpg,0.681079,63,2.7881
Image_2326.jpg,0.68201786,8,8.2119
Image_1261.jpg,0.797807,45,4.4244
Image_1830.jpg,0.97430307,53,8.3755
Image_105.jpg,0.9285686,29,3.4812
Image_626.jpg,0.97254163,34,2.8424
Image_669.jpg,0.83061326,17,2.6857
Image_477.jpg,0.67644775,0,3.1890
Image_1000.jpg,0.9898526,37,2.7516
Image_1982.jpg,0.45677748,46,2.7407
Image_1320.jpg,0.87076086,48,2.7428
Image_242.jpg,0.95592785,39,2.6639
Image_633.jpg,0.97633284,12,2.7215
Image_2710.jpg,0.92765254,21,2.7576
Image_2343.jpg,0.42046377,10,2.6986
Image_70.jpg,0.7896135,22,3.0149
Image_1521.jpg,0.96801364,39,2.7082
Image_241.jpg,0.90884584,0,2.6782
Image_2777.jpg,0.9402443,23,2.6918
Image_2449.jpg,0.95449716,25,2.6930
Image_167.jpg,0.5660602,38,2.6958
Image_2313.jpg,0.86277235,11,4.6898
Image_1858.jpg,0.96049666,30,3.5810
Image_2030.jpg,0.7779412,38,5.1940
Image_2173.jpg,0.97888374,32,3.9829
Image_784.jpg,0.9514037,32,2.7050
Image_1557.jpg,0.9928266,43,2.6900
Image_2335.jpg,0.9797807,18,2.7011
Image_1878.jpg,0.8785703,46,2.6886
Image_2252.jpg,0.99029994,62,3.8715
Image_731.jpg,0.92346865,65,3.0506
Image_655.jpg,0.9690188,9,2.7650
Image_973.jpg,0.9792564,59,2.7446
Image_2242.jpg,0.91645575,36,3.0506
Image_996.jpg,0.6819566,64,3.3078
Image_2239.jpg,0.9701128,64,5.8802
Image_1901.jpg,0.98689806,71,3.4694
Image_532.jpg,0.6427414,22,2.6729
Image_1363.jpg,0.9993587,47,2.7983
Image_2347.jpg,0.99242353,2,2.6821
Image_744.jpg,0.96327144,50,5.9025
Image_2575.jpg,0.9208048,46,2.7511
Image_901.jpg,0.18712454,47,6.9007
Image_146.jpg,0.88707125,57,4.4466
Image_2462.jpg,0.72691536,6,5.4516
Image_1615.jpg,0.9299855,62,6.9592
Image_428.jpg,0.98951924,12,4.4014
Image_1886.jpg,0.4327889,33,2.7712
Image_482.jpg,0.8221361,26,4.0010
Image_1103.jpg,0.99260473,5,3.0124
Image_2709.jpg,0.99306047,6,2.7289
Image_589.jpg,0.95712376,1,3.7701
Image_1448.jpg,0.9956299,50,8.3548
Image_962.jpg,0.44573084,24,2.7071
Image_1480.jpg,0.71690613,22,2.7208
Image_1205.jpg,0.9627717,6,2.6805
Image_273.jpg,0.4118288,11,3.9870
Image_1274.jpg,0.99539965,48,3.0026
Image_2349.jpg,0.7828498,38,3.4533
Image_2358.jpg,0.97642595,10,2.8338
Image_1572.jpg,0.9691028,67,5.7593
Image_1981.jpg,0.8105438,24,4.0715
Image_1242.jpg,0.7723898,37,2.7322
Image_267.jpg,0.9152916,26,2.7316
Image_250.jpg,0.8168445,16,2.7056
Image_2593.jpg,0.9675866,67,2.8530
Image_490.jpg,0.93776816,69,2.6934
Image_2732.jpg,0.8826744,10,2.7755
Image_1959.jpg,0.66324764,5,2.6935
Image_862.jpg,0.6074391,11,2.7084
Image_780.jpg,0.95874375,18,2.6916
Image_868.jpg,0.71657425,65,2.7343
Image_1199.jpg,0.9840762,33,3.0092
Image_972.jpg,0.91720104,9,2.6898
Image_2369.jpg,0.9895291,54,2.7080
Image_1676.jpg,0.64477134,4,2.6824
Image_1560.jpg,0.91563034,36,2.6650
Image_804.jpg,0.99158746,45,2.7006
Image_844.jpg,0.984712,3,4.7269
Image_1457.jpg,0.42483646,12,6.1443
Image_1932.jpg,0.6911337,10,3.2222
Image_1685.jpg,0.75108147,60,3.6768
Image_125.jpg,0.99437016,5,2.7317
Image_2011.jpg,0.9459171,56,3.8215
Image_357.jpg,0.98018324,63,2.7474
Image_2615.jpg,0.9170746,37,3.0570
Image_2096.jpg,0.993425,70,7.5378
Image_605.jpg,0.56152886,4,4.6412
Image_256.jpg,0.9166133,44,2.6981
Image_756.jpg,0.9600829,30,2.8362
Image_1458.jpg,0.526176,8,2.9447
Image_2159.jpg,0.8056701,56,6.4529
Image_300.jpg,0.83893377,7,3.7006
Image_2688.jpg,0.6350293,12,3.4470
Image_2761.jpg,0.92270243,71,3.4128
Image_2256.jpg,0.9701905,45,2.6939
Image_1740.jpg,0.9774261,15,2.6867
Image_2744.jpg,0.9755425,4,2.6949
Image_1405.jpg,0.97021717,51,2.6742
Image_1311.jpg,0.91678405,32,2.7599
Image_1068.jpg,0.73824555,19,2.9977
Image_1058.jpg,0.98503566,25,2.6864
Image_2472.jpg,0.93814456,59,2.6722
Image_2594.jpg,0.8344112,58,2.6691
Image_2306.jpg,0.97731453,13,2.7446
Image_248.jpg,0.5314755,64,2.6549
Image_1825.jpg,0.9379603,28,3.9564
Image_1742.jpg,0.7528963,55,2.8641
Image_1791.jpg,0.71899503,25,2.7455
Image_1669.jpg,0.9658442,16,6.2555
Image_2015.jpg,0.58137316,32,4.2583
Image_1386.jpg,0.98644036,51,2.7084
Image_2248.jpg,0.9104906,46,2.7127
Image_379.jpg,0.5365629,21,2.7782
Image_1385.jpg,0.81703615,55,3.7949
Image_2221.jpg,0.97763103,0,3.2329
Image_2093.jpg,0.85807014,33,3.5345
Image_1362.jpg,0.97697985,34,6.8031
Image_925.jpg,0.9985562,13,2.7027
Image_1879.jpg,0.98392916,4,2.6651
Image_1471.jpg,0.85010064,63,3.0474
Image_2418.jpg,0.9890989,5,2.7013
Image_1106.jpg,0.9013173,15,2.7101
Image_1882.jpg,0.9894666,29,2.8255
Image_867.jpg,0.9751018,15,2.7157
Image_1984.jpg,0.9667918,43,2.7078
Image_937.jpg,0.27958423,20,3.2790
Image_453.jpg,0.9881991,23,5.1608
Image_1315.jpg,0.97470933,72,4.8711
Image_1327.jpg,0.8224597,27,2.9691
Image_761.jpg,0.95459646,72,4.0443
Image_31.jpg,0.9890737,62,6.4072
Image_1269.jpg,0.8516173,35,3.8760
Image_1034.jpg,0.9929241,50,2.6994
Image_1771.jpg,0.35927132,72,2.6876
Image_2541.jpg,0.69968367,16,3.8753
Image_818.jpg,0.50399333,26,3.1360
Image_362.jpg,0.8324654,20,8.4778
Image_2646.jpg,0.9718812,58,3.4103
Image_451.jpg,0.3966321,65,2.7068
Image_1795.jpg,0.53068215,15,2.6859
Image_865.jpg,0.9886713,17,2.7803
Image_927.jpg,0.9713851,40,2.6612
Image_2299.jpg,0.9783084,48,4.0436
Image_875.jpg,0.5091094,8,3.5323
Image_1418.jpg,0.9569329,72,5.5774
Image_910.jpg,0.938897,8,4.3567
Image_1712.jpg,0.9853645,54,2.7381
Image_1085.jpg,0.65561026,33,2.7344
Image_505.jpg,0.39430887,64,2.6909
Image_2511.jpg,0.8269619,8,2.8507
Image_1149.jpg,0.8893353,2,2.6821
Image_2108.jpg,0.96495205,45,2.8215
Image_1942.jpg,0.9668947,39,2.7093
Image_2533.jpg,0.7845975,56,2.7148
Image_315.jpg,0.98069555,25,2.6878
Image_2774.jpg,0.98775965,61,2.6845
Image_2717.jpg,0.5554923,4,2.6909
Image_2502.jpg,0.9464371,0,2.7727
Image_1185.jpg,0.2653772,3,2.9637
Image_324.jpg,0.29043067,65,2.6923
Image_679.jpg,0.7422772,11,2.7118
Image_2160.jpg,0.58638585,41,2.6976
Image_215.jpg,0.49369815,57,2.6970
Image_1021.jpg,0.9903757,35,2.7209
Image_1773.jpg,0.74278,53,4.4646
Image_2653.jpg,0.93260735,28,5.7837
Image_2525.jpg,0.9896003,24,3.6823
Image_400.jpg,0.8614776,66,2.7375
Image_252.jpg,0.65841144,17,5.5086
Image_796.jpg,0.2637184,48,2.7970
Image_1689.jpg,0.87461925,32,4.9135
Image_2230.jpg,0.9883073,23,7.6399
Image_387.jpg,0.99132264,47,4.3381
Image_2157.jpg,0.97881395,63,2.7159
Image_2571.jpg,0.91907793,56,3.9565
Image_2411.jpg,0.79058,64,5.8796
Image_1306.jpg,0.99598914,46,3.7244
Image_604.jpg,0.8806412,70,2.6743
Image_666.jpg,0.3085719,32,3.2872
Image_100.jpg,0.27536997,26,2.6845
Image_2415.jpg,0.9590683,65,2.6925
Image_1181.jpg,0.39554492,27,2.7372
Image_1828.jpg,0.8776806,9,2.7050
Image_1872.jpg,0.83564466,45,2.7155
Image_1169.jpg,0.22920069,39,2.7365
Image_978.jpg,0.8035221,26,3.0432
Image_1476.jpg,0.76058817,66,2.7104
Image_2144.jpg,0.8857608,21,2.6981
Image_1627.jpg,0.9334447,70,2.6835
Image_2661.jpg,0.92618394,2,2.7224
Image_1463.jpg,0.99176276,5,2.6897
Image_430.jpg,0.42693284,14,3.8008
Image_1796.jpg,0.9874812,51,3.1437
Image_2754.jpg,0.99026465,1,6.2200
Image_1090.jpg,0.563416,31,3.4404
Image_1308.jpg,0.13466811,5,3.4504
Image_1820.jpg,0.9922151,58,2.7250
Image_243.jpg,0.95959723,45,2.7048
Image_2702.jpg,0.9834826,15,2.6840
Image_2539.jpg,0.99022233,3,3.0400
Image_834.jpg,0.97143877,45,3.8652
Image_768.jpg,0.9987205,43,2.9458
Image_1979.jpg,0.9709589,0,2.7243
Image_1916.jpg,0.9185637,7,2.7835
Image_2662.jpg,0.92034525,56,3.3166
Image_695.jpg,0.88165826,34,6.2148
Image_2636.jpg,0.6346979,68,3.2349
Image_507.jpg,0.9611285,56,2.7249
Image_403.jpg,0.7696693,37,2.7919
Image_449.jpg,0.9792802,14,2.6976
Image_212.jpg,0.78052914,65,2.6701
Image_2039.jpg,0.980803,6,3.5925
Image_1364.jpg,0.70084643,65,4.2427
Image_916.jpg,0.79203886,14,6.1807
Image_1219.jpg,0.9570252,10,2.7286
Image_1141.jpg,0.4818049,28,3.1781
Image_521.jpg,0.52999544,31,4.0353
Image_1434.jpg,0.77196866,68,5.6670
Image_1101.jpg,0.9928933,41,4.0414
Image_546.jpg,0.99191225,36,3.6609
Image_2403.jpg,0.9866171,12,2.8806
Image_1240.jpg,0.83784384,31,2.7174
Image_1449.jpg,0.93553144,45,3.7282
Image_1083.jpg,0.84978855,65,3.1528
Image_1260.jpg,0.96116436,71,4.1195
Image_415.jpg,0.95709026,50,3.7320
Image_845.jpg,0.9694482,37,2.7432
Image_2701.jpg,0.8333851,44,3.8850
Image_961.jpg,0.43219563,13,3.0065
Image_2619.jpg,0.92524356,51,2.7898
Image_1628.jpg,0.92608035,46,6.4982
Image_2149.jpg,0.8941581,44,3.9991
Image_1547.jpg,0.7737502,33,3.0035
Image_878.jpg,0.9638737,20,2.7378
Image_2045.jpg,0.98103666,4,2.7034
Image_664.jpg,0.5693857,66,2.6939
Image_2356.jpg,0.95380074,74,2.7669
Image_2040.jpg,0.99100983,54,2.8102
Image_1143.jpg,0.97975665,23,3.1356
Image_1322.jpg,0.3985507,18,2.7083
Image_1379.jpg,0.9789699,54,2.7192
Image_2176.jpg,0.76003623,56,2.6833
Image_337.jpg,0.99835026,47,3.7740
Image_411.jpg,0.58704627,13,2.8813
Image_2433.jpg,0.971582,31,2.9847
Image_1092.jpg,0.77858603,30,2.7260
Image_568.jpg,0.969599,71,2.8065
Image_422.jpg,0.82788897,8,2.6847
Image_2414.jpg,0.91905737,50,2.6832
Image_1803.jpg,0.9458619,28,3.5809
Image_707.jpg,0.993194,70,2.7083
Image_2549.jpg,0.9992182,47,3.1180
Image_1895.jpg,0.9891334,54,2.7297
Image_631.jpg,0.5567797,19,2.7136
Image_638.jpg,0.97830224,9,2.6818
Image_1111.jpg,0.89252007,62,7.7570
Image_592.jpg,0.82523745,60,5.1993
Image_2476.jpg,0.9962351,47,4.6583
Image_615.jpg,0.97905225,13,3.0062
Image_2470.jpg,0.71562505,35,2.6590
Image_71.jpg,0.48104832,48,2.7915
Image_1706.jpg,0.9959486,5,6.0674
Image_1629.jpg,0.519075,65,4.5733
Image_2301.jpg,0.9956542,9,3.5310
Image_1138.jpg,0.9619073,71,2.7590
Image_2362.jpg,0.3449456,69,2.6762
Image_715.jpg,0.89576334,50,2.8066
Image_317.jpg,0.783453,38,2.6840
Image_758.jpg,0.4972623,28,2.7747
Image_1808.jpg,0.8478651,12,2.6932
Image_2772.jpg,0.9171969,50,2.6851
Image_1683.jpg,0.74633217,46,2.6898
Image_1811.jpg,0.94685245,18,2.6819
Image_2329.jpg,0.69336164,19,2.7294
Image_851.jpg,0.18981302,68,3.0202
Image_2762.jpg,0.89888644,62,2.6843
Image_1017.jpg,0.79919654,19,2.6627
Image_783.jpg,0.9846303,62,2.7322
Image_537.jpg,0.9320105,46,2.6576
Image_1453.jpg,0.72559303,4,2.6559
Image_720.jpg,0.9422926,53,4.4341
Image_1097.jpg,0.98829585,16,2.7734
Image_1543.jpg,0.9957497,7,4.5819
Image_1062.jpg,0.9666571,13,4.3298
Image_484.jpg,0.9891516,5,4.2321
Image_354.jpg,0.8560768,52,2.6830
Image_1402.jpg,0.8399968,25,2.7682
Image_2407.jpg,0.99153394,21,2.8476
Image_1567.jpg,0.57551134,38,4.2222
Image_1562.jpg,0.96205944,6,5.4475
Image_2647.jpg,0.9606779,70,5.9499
Image_1130.jpg,0.99055886,32,2.7029
Image_1720.jpg,0.41564807,39,2.7231
Image_142.jpg,0.9521383,62,2.7008
Image_2444.jpg,0.99709487,6,2.7569
Image_336.jpg,0.99463695,45,2.7037
Image_1377.jpg,0.9753857,50,2.7424
Image_178.jpg,0.95748657,33,2.8122
Image_1889.jpg,0.7316806,46,2.9422
Image_1323.jpg,0.9655394,10,2.7219
Image_702.jpg,0.986503,33,3.5737
Image_1598.jpg,0.5608985,53,4.4376
Image_431.jpg,0.96314514,65,3.7960
Image_636.jpg,0.82779825,28,4.6913
Image_323.jpg,0.9371273,7,2.7157
Image_993.jpg,0.50085783,16,2.7186
Image_1374.jpg,0.9884809,51,2.9047
Image_135.jpg,0.995436,69,6.0395
Image_2091.jpg,0.43329927,26,4.5648
Image_1503.jpg,0.9567246,59,3.4561
Image_2454.jpg,0.9843545,29,2.9018
Image_2199.jpg,0.98020947,39,3.0378
Image_2420.jpg,0.8572747,38,5.9977
Image_1834.jpg,0.9798782,3,3.7874
Image_699.jpg,0.9781934,47,3.6686
Image_1596.jpg,0.79669017,30,4.4111
Image_2346.jpg,0.5661879,27,2.8483
Image_2332.jpg,0.18172757,57,3.4348
Image_371.jpg,0.8934485,22,6.3250
Image_2529.jpg,0.888479,34,3.5024
Image_810.jpg,0.77004504,0,2.7200
Image_1300.jpg,0.8234929,44,2.7108
Image_1635.jpg,0.7496244,50,2.6756
Image_1420.jpg,0.9549633,21,2.6979
Image_1809.jpg,0.6056929,49,2.7495
Image_1409.jpg,0.99123365,53,2.8408
Image_2021.jpg,0.94441205,72,2.6759
Image_175.jpg,0.88458127,17,2.6702
Image_2785.jpg,0.8913221,21,2.6958
Image_2507.jpg,0.88178504,34,2.6790
Image_63.jpg,0.80494136,49,2.6955
Image_1128.jpg,0.867108,44,2.7337
Image_1691.jpg,0.95909274,26,2.7977
Image_1935.jpg,0.95784533,72,2.7164
Image_361.jpg,0.94039947,0,2.6862
Image_711.jpg,0.7080451,53,2.7039
Image_1413.jpg,0.86278206,28,2.9072
Image_2703.jpg,0.9852058,61,2.6965
Image_1455.jpg,0.9864775,50,4.0436
Image_1395.jpg,0.9686364,32,3.5170
Image_1203.jpg,0.991484,43,4.4646
Image_1388.jpg,0.5028189,32,3.6485
Image_2467.jpg,0.8109008,56,3.5921
Image_560.jpg,0.99212474,36,2.8618
Image_2321.jpg,0.9816788,64,3.5960
Image_742.jpg,0.9427691,73,3.8296
Image_2776.jpg,0.9970566,12,3.7090
Image_396.jpg,0.95372874,22,5.9236
Image_782.jpg,0.94823,16,2.7747
Image_1452.jpg,0.9846526,25,2.7231
Image_806.jpg,0.25396207,32,3.8254
Image_912.jpg,0.7983916,2,7.2173
Image_2760.jpg,0.8795848,25,3.1479
Image_290.jpg,0.96975684,40,2.6969
Image_270.jpg,0.89834553,40,2.7515
Image_197.jpg,0.8529394,43,2.9498
Image_198.jpg,0.63844764,30,2.6950
Image_1302.jpg,0.7763815,57,2.8009
Image_1297.jpg,0.4774821,31,2.6881
Image_2755.jpg,0.9654037,26,2.6800
Image_2543.jpg,0.31576174,13,2.7042
Image_1671.jpg,0.95693815,5,2.7055
Image_1294.jpg,0.99280435,20,3.0350
Image_515.jpg,0.9900029,36,2.6842
Image_1856.jpg,0.23850912,33,2.6988
Image_217.jpg,0.8283669,53,2.6953
Image_2229.jpg,0.9337965,8,2.6949
Image_1423.jpg,0.68480873,37,2.6974
Image_360.jpg,0.819038,8,4.4273
Image_1775.jpg,0.25851145,23,6.5764
Image_402.jpg,0.9697262,26,4.0044
Image_52.jpg,0.902555,72,2.7282
Image_88.jpg,0.9869625,67,2.7300
Image_76.jpg,0.7905332,53,2.7145
Image_2055.jpg,0.7680719,14,2.6731
Image_2598.jpg,0.9935976,14,2.7291
Image_1165.jpg,0.9555514,22,4.2898
Image_279.jpg,0.97085965,26,2.8904
Image_1897.jpg,0.9699173,64,2.7171
Image_2005.jpg,0.98964113,2,2.7742
Image_1802.jpg,0.9714741,10,2.9332
Image_2477.jpg,0.9856473,50,3.3044
Image_2196.jpg,0.9235851,33,7.7671
Image_769.jpg,0.9707931,36,2.7595
Image_1422.jpg,0.9866751,12,2.7014
Image_1504.jpg,0.46765932,72,2.7106
Image_2353.jpg,0.951818,42,2.6721
Image_1838.jpg,0.32210785,69,2.6871
Image_1745.jpg,0.7226717,57,2.7839
Image_2129.jpg,0.9326546,10,2.7057
Image_1721.jpg,0.22243421,7,7.3087
Image_1010.jpg,0.45982137,57,2.7579
Image_555.jpg,0.9639248,6,2.7150
Image_1177.jpg,0.5822943,27,2.7181
Image_44.jpg,0.99084574,13,3.4510
Image_1756.jpg,0.9977049,43,5.1128
Image_450.jpg,0.9487991,65,7.8756
Image_1911.jpg,0.2743482,6,4.4182
Image_658.jpg,0.9644626,14,4.2126
Image_1134.jpg,0.84177864,8,2.7424
Image_578.jpg,0.9745156,62,2.6594
Image_364.jpg,0.35008517,35,2.6712
Image_1531.jpg,0.9664865,30,2.8570
Image_971.jpg,0.9833596,48,2.7474
Image_174.jpg,0.91689265,65,4.7737
Image_2672.jpg,0.7445404,19,4.0026
Image_2706.jpg,0.8728593,22,6.9899
Image_752.jpg,0.9896988,58,2.6948
Image_2629.jpg,0.98258483,25,2.6938
Image_2344.jpg,0.983444,39,3.1851
Image_434.jpg,0.9546016,56,2.7385
Image_528.jpg,0.892896,11,2.7287
Image_2474.jpg,0.68855226,56,2.8681
Image_2141.jpg,0.95956916,41,2.6634
Image_749.jpg,0.67678666,68,2.9475
Image_599.jpg,0.99194604,3,2.7099
Image_949.jpg,0.9770826,51,2.7025
Image_1056.jpg,0.82335603,38,2.6883
Image_1632.jpg,0.7734414,20,2.7903
Image_1967.jpg,0.9693233,74,2.7143
Image_2287.jpg,0.9826056,0,2.6885
Image_945.jpg,0.9812067,67,2.9809
Image_1741.jpg,0.97771317,45,2.6765
Image_776.jpg,0.8012792,32,2.8363
Image_1441.jpg,0.8861621,14,2.7186
Image_2501.jpg,0.9835173,48,2.6871
Image_1201.jpg,0.98944443,70,2.6864
Image_1952.jpg,0.8972613,54,4.1448
Image_476.jpg,0.28463322,63,3.6391
Image_1460.jpg,0.7107931,19,4.9685
Image_1990.jpg,0.9650249,24,3.9509
Image_199.jpg,0.9844461,7,2.7868
Image_1645.jpg,0.4505677,46,3.0784
Image_2278.jpg,0.97234976,54,3.7391
Image_2518.jpg,0.86917734,72,4.3370
Image_787.jpg,0.9845604,43,6.3069
Image_1988.jpg,0.97617847,10,6.5067
Image_1792.jpg,0.4135934,30,3.9764
Image_926.jpg,0.96724766,69,2.9321
Image_1428.jpg,0.2685978,16,2.7844
Image_1718.jpg,0.19861665,26,2.8356
Image_1267.jpg,0.75013655,42,3.6518
Image_764.jpg,0.97602946,4,5.4270
Image_1446.jpg,0.14331709,63,4.5362
Image_148.jpg,0.9369189,44,3.0464
Image_501.jpg,0.80167454,38,2.6891
Image_190.jpg,0.9800673,42,2.8527
Image_494.jpg,0.6518321,68,2.6800
Image_1619.jpg,0.9929792,71,2.7284
Image_794.jpg,0.42732868,38,2.7154
Image_632.jpg,0.6621418,38,3.0058
Image_227.jpg,0.9181242,65,2.6974
Image_94.jpg,0.97348684,23,2.6775
Image_110.jpg,0.94732773,24,2.7002
Image_393.jpg,0.9751601,28,2.6796
Image_1255.jpg,0.5157758,15,2.6836
Image_2008.jpg,0.96125466,54,4.0996
Image_1039.jpg,0.9896799,29,2.7219
Image_1602.jpg,0.8348845,38,2.6712
Image_1516.jpg,0.91816443,63,4.0034
Image_1337.jpg,0.44324234,8,7.6324
Image_2116.jpg,0.9736893,18,2.7095
Image_2592.jpg,0.96560216,70,2.7097
Image_2604.jpg,0.985707,3,2.7150
Image_327.jpg,0.99629766,43,4.3322
Image_779.jpg,0.9657904,43,8.3299
Image_170.jpg,0.7387845,68,3.1242
Image_2770.jpg,0.995918,47,2.6990
Image_2182.jpg,0.24899442,15,2.7061
Image_2431.jpg,0.9372496,62,2.6992
Image_896.jpg,0.6786974,63,2.8313
Image_1216.jpg,0.5154564,55,2.7876
Image_1356.jpg,0.98278445,18,2.8313
Image_939.jpg,0.99147934,6,2.9480
Image_1208.jpg,0.9863621,14,2.7748
Image_1717.jpg,0.87768495,50,2.6836
Image_2042.jpg,0.8243654,66,6.1795
Image_2117.jpg,0.76836866,33,5.5719
Image_1524.jpg,0.7575605,17,4.8897
Image_1501.jpg,0.6015349,55,2.9146
Image_2519.jpg,0.9859752,45,2.8785
Image_918.jpg,0.9745009,10,4.7210
Image_2269.jpg,0.95461124,35,4.6728
Image_1326.jpg,0.68513596,41,4.8880
Image_919.jpg,0.8139738,5,4.8199
Image_1222.jpg,0.73257345,7,3.0490
Image_38.jpg,0.912766,32,6.0597
Image_2200.jpg,0.9917563,9,3.3273
Image_1893.jpg,0.98100543,46,5.0570
Image_842.jpg,0.96310556,0,3.4021
Image_186.jpg,0.97756106,37,2.7249
Image_1580.jpg,0.8134304,22,3.0302
Image_1353.jpg,0.61063904,41,3.9422
Image_343.jpg,0.36826435,29,4.9553
Image_2602.jpg,0.94592535,65,3.9381
Image_1212.jpg,0.6989912,24,2.7051
Image_1892.jpg,0.9305354,62,2.6765
Image_489.jpg,0.8199008,41,2.7094
Image_1292.jpg,0.9899789,41,2.6808
Image_2559.jpg,0.8117289,11,2.6770
Image_789.jpg,0.9603707,0,2.8007
Image_2640.jpg,0.80424875,26,2.6893
Image_2044.jpg,0.9880614,28,2.6949
Image_1229.jpg,0.9851518,35,2.6979
Image_1487.jpg,0.7326436,60,2.6998
Image_1440.jpg,0.98960763,37,3.0727
Image_909.jpg,0.9624705,45,2.6976
Image_1873.jpg,0.99288106,67,2.6983
Image_2506.jpg,0.3930587,38,2.6682
Image_1642.jpg,0.99675626,47,2.6878
Image_114.jpg,0.49595866,57,2.6950
Image_1948.jpg,0.44436535,39,5.2786
Image_1174.jpg,0.5892849,34,4.5679
Image_1436.jpg,0.9632996,55,3.8947
Image_2112.jpg,0.15876159,49,2.6712
