image,rs_onnx_conf,rs_onnx_pred,rs_onnx_time_ms
Image_516.jpg,0.9979272,49,83.4923
Image_591.jpg,0.789602,57,70.7775
Image_1317.jpg,0.980417,56,72.9927
Image_1162.jpg,0.9813023,59,80.3427
Image_2604.jpg,0.98779243,3,92.5333
Image_2237.jpg,0.9984909,47,119.9978
Image_167.jpg,0.9607291,27,111.1826
Image_1479.jpg,0.8411719,56,106.9260
Image_2479.jpg,0.9972892,53,130.0534
Image_1371.jpg,0.9965581,49,77.8347
Image_2007.jpg,0.9973937,74,66.6914
Image_1930.jpg,0.97882265,16,79.5825
Image_1360.jpg,0.9887328,32,68.1050
Image_1917.jpg,0.9570174,68,102.0318
Image_2219.jpg,0.9964142,50,205.2326
Image_1206.jpg,0.9966492,16,144.6911
Image_1071.jpg,0.98125756,65,81.9159
Image_2599.jpg,0.9839399,0,66.5426
Image_373.jpg,0.9924561,52,75.5562
Image_1901.jpg,0.999808,71,65.8415
Image_2357.jpg,0.81097144,27,76.8558
Image_369.jpg,0.9206322,12,65.9024
Image_1260.jpg,0.99892634,71,68.8727
Image_1062.jpg,0.9737855,13,73.9338
Image_1974.jpg,0.99826753,11,81.7637
Image_1076.jpg,0.9994117,10,67.8647
Image_1868.jpg,0.99983656,32,73.2124
Image_569.jpg,0.9946274,16,76.4012
Image_696.jpg,0.9992818,30,70.5995
Image_605.jpg,0.94750226,4,74.1514
Image_2765.jpg,0.9874247,31,67.4232
Image_2373.jpg,0.9950826,19,74.0145
Image_505.jpg,0.42589,66,65.6599
Image_2353.jpg,0.9973122,42,74.9489
Image_1544.jpg,0.9996138,10,64.4866
Image_1289.jpg,0.99510634,12,70.0921
Image_266.jpg,0.99850523,10,67.1384
Image_1914.jpg,0.67090374,38,77.2146
Image_2043.jpg,0.99869484,73,65.8507
Image_429.jpg,0.9959571,24,83.3741
Image_2497.jpg,0.9849636,21,65.4874
Image_503.jpg,0.996099,52,104.7724
Image_2500.jpg,0.99534374,42,82.6912
Image_822.jpg,0.9679068,1,78.9476
Image_1204.jpg,0.2939171,19,66.3421
Image_1957.jpg,0.99698585,35,78.4124
Image_949.jpg,0.99833775,51,66.8718
Image_789.jpg,0.9981536,0,77.3758
Image_184.jpg,0.8951367,19,77.2591
Image_1571.jpg,0.9976706,40,76.8409
Image_1128.jpg,0.8810058,44,66.2055
Image_395.jpg,0.99804354,61,81.5417
Image_2285.jpg,0.7864123,47,67.7770
Image_2587.jpg,0.97224355,44,73.3111
Image_2326.jpg,0.4714509,8,67.6838
Image_10.jpg,0.9947519,74,98.4856
Image_2466.jpg,0.9970625,46,75.0571
Image_2558.jpg,0.99979836,37,78.4372
Image_600.jpg,0.99726045,17,66.9519
Image_2694.jpg,0.99376583,12,79.1605
Image_964.jpg,0.9955968,47,80.9272
Image_2542.jpg,0.990837,19,78.1732
Image_2444.jpg,0.9967462,6,66.0084
Image_1921.jpg,0.99714005,12,71.6881
Image_196.jpg,0.996648,51,66.8640
Image_858.jpg,0.9906336,15,85.6755
Image_963.jpg,0.9972383,47,67.3329
Image_2689.jpg,0.98774743,13,79.9965
Image_234.jpg,0.999014,30,67.2027
Image_767.jpg,0.99821764,5,73.4787
Image_2331.jpg,0.81221783,64,66.5179
Image_1963.jpg,0.99993217,22,82.9133
Image_1991.jpg,0.997442,34,67.6622
Image_1766.jpg,0.99935025,7,76.4122
Image_823.jpg,0.9979498,68,68.5089
Image_2374.jpg,0.9383525,49,76.6087
Image_1546.jpg,0.96653616,65,65.7399
Image_1159.jpg,0.9900351,58,85.0383
Image_2408.jpg,0.9997727,18,72.9820
Image_1865.jpg,0.53597546,8,78.4041
Image_717.jpg,0.9993979,70,99.4908
Image_940.jpg,0.9988361,53,84.6840
Image_2359.jpg,0.99545187,74,67.0637
Image_1334.jpg,0.98708284,58,89.7662
Image_1282.jpg,0.99776506,2,111.4179
Image_783.jpg,0.9985819,62,113.7353
Image_1249.jpg,0.72739047,32,103.6359
Image_620.jpg,0.99474573,59,114.3398
Image_330.jpg,0.99467635,1,129.1135
Image_1253.jpg,0.97665274,39,69.0320
Image_1710.jpg,0.9994143,14,76.9774
Image_70.jpg,0.99374616,22,69.3095
Image_1351.jpg,0.98280656,13,75.9172
Image_128.jpg,0.9489792,37,66.1709
Image_2154.jpg,0.9976368,33,77.1764
Image_303.jpg,0.996932,61,75.3076
Image_1812.jpg,0.98007995,6,77.0235
Image_1490.jpg,0.98252845,73,65.5549
Image_1280.jpg,0.96083426,29,81.2898
Image_124.jpg,0.9943955,23,68.1320
Image_166.jpg,0.99062085,54,73.2854
Image_2364.jpg,0.7746285,62,72.8408
Image_2200.jpg,0.99917954,9,68.5561
Image_691.jpg,0.48570836,47,72.0528
Image_2186.jpg,0.9960775,37,66.1676
Image_1332.jpg,0.9975293,29,70.8282
Image_1851.jpg,0.9891094,16,66.7337
Image_1229.jpg,0.99897635,35,106.9667
Image_2745.jpg,0.9971106,30,66.0629
Image_1790.jpg,0.96860707,38,83.0092
Image_2116.jpg,0.99769896,18,66.7710
Image_1625.jpg,0.9883143,42,75.2815
Image_1453.jpg,0.5136574,18,66.7606
Image_1205.jpg,0.99269193,6,75.8134
Image_1412.jpg,0.98609525,58,67.8307
Image_2744.jpg,0.9991836,4,72.8336
Image_663.jpg,0.99868923,14,69.1013
Image_426.jpg,0.88126564,36,76.0187
Image_1585.jpg,0.9395811,19,67.9084
Image_850.jpg,0.9760942,42,77.1182
Image_2176.jpg,0.9977869,56,67.9561
Image_1739.jpg,0.99714124,47,76.4705
Image_2217.jpg,0.9896674,56,66.4674
Image_1771.jpg,0.9263864,72,78.7409
Image_619.jpg,0.9994591,26,67.3187
Image_2537.jpg,0.99770015,50,72.6423
Image_1827.jpg,0.99030405,50,74.2085
Image_2073.jpg,0.99494004,1,79.0313
Image_2437.jpg,0.9986877,65,66.5876
Image_299.jpg,0.9991867,20,74.4301
Image_1895.jpg,0.9963743,54,77.0080
Image_1939.jpg,0.9965347,1,69.4778
Image_1244.jpg,0.9939214,13,74.1306
Image_2418.jpg,0.9957491,5,66.1325
Image_520.jpg,0.44147682,23,77.8522
Image_913.jpg,0.99499124,28,65.8819
Image_2534.jpg,0.9900821,16,76.0182
Image_156.jpg,0.99305105,54,68.1868
Image_643.jpg,0.98886615,57,74.8344
Image_2203.jpg,0.94196105,68,66.6838
Image_1178.jpg,0.9900872,17,71.6146
Image_2133.jpg,0.98870355,57,66.2461
Image_2525.jpg,0.9973133,24,76.1300
Image_1972.jpg,0.99537,74,66.3552
Image_1002.jpg,0.9928808,35,86.0699
Image_2690.jpg,0.9490304,33,66.5396
Image_1832.jpg,0.99846005,54,79.3776
Image_2612.jpg,0.9929437,28,66.8644
Image_2705.jpg,0.9945985,48,77.9725
Image_83.jpg,0.99680555,67,67.1617
Image_892.jpg,0.977768,21,77.0011
Image_2098.jpg,0.9943984,56,73.8683
Image_389.jpg,0.99752074,5,77.6424
Image_1893.jpg,0.9885599,46,68.5362
Image_432.jpg,0.99487936,74,76.5347
Image_2450.jpg,0.9990582,1,68.3006
Image_2114.jpg,0.69203305,21,70.1420
Image_1577.jpg,0.99615955,34,73.3660
Image_1987.jpg,0.99854434,12,69.0940
Image_2682.jpg,0.9986511,29,77.1011
Image_1737.jpg,0.9988311,63,81.1562
Image_318.jpg,0.9689025,57,95.1599
Image_770.jpg,0.9884813,1,85.7310
Image_1526.jpg,0.99715024,55,114.8965
Image_744.jpg,0.9984623,50,106.9646
Image_2590.jpg,0.99832577,53,121.9998
Image_359.jpg,0.60117286,34,95.6299
Image_143.jpg,0.9993267,43,68.0046
Image_1264.jpg,0.9937117,64,81.2614
Image_1679.jpg,0.9948413,71,96.8814
Image_714.jpg,0.9929628,45,122.1245
Image_1100.jpg,0.9992817,70,111.2412
Image_2072.jpg,0.9958735,58,110.8702
Image_2115.jpg,0.9995672,55,101.3914
Image_2782.jpg,0.9991067,63,178.6049
Image_2335.jpg,0.9732851,18,171.9030
Image_1523.jpg,0.9843621,59,171.4928
Image_1905.jpg,0.9958556,6,124.9015
Image_2108.jpg,0.98287374,45,134.0571
Image_1602.jpg,0.98935986,38,122.9434
Image_2097.jpg,0.99831593,28,124.9152
Image_1423.jpg,0.9988029,37,134.5461
Image_494.jpg,0.9936511,68,125.5728
Image_967.jpg,0.97531307,11,136.2756
Image_1633.jpg,0.9960657,64,112.3081
Image_113.jpg,0.98068124,56,112.1469
Image_1465.jpg,0.9903875,56,115.9998
Image_2569.jpg,0.94549984,57,80.1589
Image_2478.jpg,0.99735814,71,83.0398
Image_365.jpg,0.9980202,71,77.5499
Image_917.jpg,0.99835277,63,74.1302
Image_931.jpg,0.9335655,8,106.8321
Image_538.jpg,0.963112,13,76.0166
Image_391.jpg,0.9933141,15,87.1416
Image_1665.jpg,0.4226468,5,67.5091
Image_1101.jpg,0.9940368,41,82.9840
Image_1482.jpg,0.9990963,14,104.2175
Image_2324.jpg,0.97991496,47,175.8400
Image_656.jpg,0.9971796,29,219.8759
Image_842.jpg,0.9939074,0,129.1044
Image_343.jpg,0.46050707,52,65.4634
Image_698.jpg,0.99773407,49,98.6327
Image_1947.jpg,0.9525129,15,166.0574
Image_2748.jpg,0.99491996,66,81.0195
Image_1012.jpg,0.9965557,52,67.5569
Image_1372.jpg,0.9925175,59,75.4788
Image_2338.jpg,0.9983419,23,67.9200
Image_1711.jpg,0.9404735,68,72.0539
Image_2406.jpg,0.99967194,70,74.7194
Image_270.jpg,0.99880934,40,77.7325
Image_2004.jpg,0.99901915,28,73.1329
Image_2042.jpg,0.5505399,19,77.9683
Image_2016.jpg,0.7226369,39,67.5089
Image_804.jpg,0.98976177,45,70.9480
Image_2361.jpg,0.9963451,36,71.7734
Image_2487.jpg,0.9995732,71,67.5105
Image_292.jpg,0.9933431,2,79.0721
Image_1688.jpg,0.99949336,32,70.0049
Image_1411.jpg,0.9468379,17,77.6671
Image_1712.jpg,0.99717855,54,66.8912
Image_1768.jpg,0.7526226,63,81.7393
Image_482.jpg,0.9536276,26,65.9432
Image_305.jpg,0.9549417,48,78.1752
Image_334.jpg,0.9530499,18,66.6002
Image_1088.jpg,0.9386183,16,77.9526
Image_1026.jpg,0.87027276,49,68.8820
Image_2433.jpg,0.9989574,31,73.0290
Image_2624.jpg,0.9946067,64,67.0918
Image_53.jpg,0.99217504,37,77.3589
Image_2085.jpg,0.998497,26,66.0926
Image_1011.jpg,0.91315895,26,81.4430
Image_2650.jpg,0.99477506,40,67.1973
Image_1795.jpg,0.69900185,15,90.3962
Image_1693.jpg,0.9968347,1,70.0617
Image_1089.jpg,0.9270217,43,74.4624
Image_606.jpg,0.999908,22,66.0639
Image_801.jpg,0.9963201,33,76.7644
Image_791.jpg,0.45587495,24,65.9727
Image_2021.jpg,0.9582685,72,82.8799
Image_2446.jpg,0.9994622,73,117.4009
Image_623.jpg,0.99542713,69,108.7838
Image_1956.jpg,0.9962929,41,84.1344
Image_2719.jpg,0.9861596,6,67.8866
Image_1170.jpg,0.97967815,58,77.0281
Image_23.jpg,0.9744201,69,77.5207
Image_829.jpg,0.957961,53,90.5131
Image_258.jpg,0.99478674,39,136.6636
Image_2530.jpg,0.9817276,42,85.1213
Image_867.jpg,0.9767482,15,85.8422
Image_2192.jpg,0.99713194,50,127.9187
Image_1446.jpg,0.9202158,69,116.4085
Image_1567.jpg,0.89569527,38,84.4389
Image_417.jpg,0.99968696,74,79.3629
Image_1792.jpg,0.99842995,30,130.6382
Image_2074.jpg,0.9994616,33,97.4053
Image_1518.jpg,0.9992094,71,82.4774
Image_1302.jpg,0.9991534,57,71.6040
Image_233.jpg,0.9868867,19,84.9020
Image_564.jpg,0.996218,40,67.0510
Image_794.jpg,0.97881305,27,80.1048
Image_1785.jpg,0.9529571,38,68.5550
Image_2735.jpg,0.41392088,56,82.5622
Image_456.jpg,0.98942286,56,66.8562
Image_1535.jpg,0.94696444,29,79.4932
Image_271.jpg,0.9985771,6,67.4461
Image_356.jpg,0.9188686,0,78.2295
Image_2178.jpg,0.8944659,8,74.8477
Image_1396.jpg,0.99841976,52,80.3384
Image_918.jpg,0.9996766,10,73.9767
Image_1245.jpg,0.9835893,36,81.0032
Image_1043.jpg,0.9887045,12,66.7124
Image_2767.jpg,0.99913055,67,84.2647
Image_26.jpg,0.99493814,74,68.4850
Image_1506.jpg,0.99936146,33,72.3806
Image_106.jpg,0.99603635,17,75.7272
Image_1659.jpg,0.9402293,65,78.8244
Image_1023.jpg,0.99405575,58,67.6607
Image_1156.jpg,0.9941527,64,80.4018
Image_1448.jpg,0.9991146,50,70.5274
Image_1328.jpg,0.99966013,73,75.0192
Image_1524.jpg,0.9970421,17,74.5354
Image_807.jpg,0.9524502,64,69.7611
Image_800.jpg,0.8074215,43,72.3044
Image_1426.jpg,0.99776614,6,73.2229
Image_2225.jpg,0.99617404,39,73.2727
Image_2619.jpg,0.9967499,51,70.9257
Image_40.jpg,0.9995753,14,78.1334
Image_762.jpg,0.9876737,0,68.3627
Image_648.jpg,0.9949626,48,81.0236
Image_1413.jpg,0.98989385,28,70.4890
Image_509.jpg,0.9996152,67,76.5712
Image_1211.jpg,0.77916765,56,74.2718
Image_722.jpg,0.9979505,28,76.3312
Image_118.jpg,0.9997681,9,65.8946
Image_2704.jpg,0.9981029,52,80.8935
Image_2666.jpg,0.9994618,9,66.6224
Image_1629.jpg,0.96967703,11,71.0045
Image_195.jpg,0.9979887,71,66.8725
Image_1788.jpg,0.9851231,33,71.3617
Image_2329.jpg,0.6400721,66,66.5796
Image_634.jpg,0.9984394,20,75.3512
Image_377.jpg,0.9968575,14,68.1094
Image_2062.jpg,0.98409516,66,77.1378
Image_1517.jpg,0.99056226,25,66.6900
Image_2120.jpg,0.9951454,1,71.6010
Image_1619.jpg,0.9997197,71,72.7493
Image_2071.jpg,0.988588,54,75.5877
Image_2761.jpg,0.99634665,71,77.1879
Image_282.jpg,0.9692786,60,73.6774
Image_1600.jpg,0.99554163,65,76.0577
Image_611.jpg,0.99839586,53,70.7654
Image_2122.jpg,0.9977708,74,73.0938
Image_544.jpg,0.9995425,73,69.7294
Image_1433.jpg,0.9938013,61,75.0443
Image_487.jpg,0.9533209,66,70.4849
Image_2732.jpg,0.9991091,10,81.2151
Image_1269.jpg,0.9925178,35,107.4572
Image_2404.jpg,0.9969927,38,110.1018
Image_1890.jpg,0.86857545,64,131.4446
Image_1826.jpg,0.9939469,39,110.8178
Image_1595.jpg,0.99874556,61,99.6858
Image_109.jpg,0.988214,3,75.3690
Image_2130.jpg,0.9929431,56,85.9344
Image_341.jpg,0.9666511,38,69.6733
Image_1887.jpg,0.92345834,19,81.8299
Image_1752.jpg,0.8926714,64,68.8388
Image_8.jpg,0.9991548,35,94.7230
Image_496.jpg,0.99858737,74,76.4208
Image_1171.jpg,0.9658521,74,78.8438
Image_1400.jpg,0.9986112,74,82.8410
Image_186.jpg,0.9998373,37,83.8782
Image_413.jpg,0.99537575,6,79.2248
Image_1559.jpg,0.9993492,23,76.6385
Image_2728.jpg,0.9983923,49,71.4443
Image_2310.jpg,0.9900742,6,72.8864
Image_72.jpg,0.982017,44,68.7698
Image_525.jpg,0.99838483,18,75.0768
Image_2170.jpg,0.9949616,36,65.7395
Image_1148.jpg,0.995808,62,116.3934
Image_2214.jpg,0.9720448,69,82.6181
Image_1636.jpg,0.9901321,1,67.2226
Image_1007.jpg,0.9777304,44,78.7056
Image_510.jpg,0.9960389,35,66.7259
Image_2344.jpg,0.9985191,39,79.9655
Image_388.jpg,0.9964005,18,75.1665
Image_1147.jpg,0.9836082,58,77.5376
Image_1037.jpg,0.9838536,51,73.0717
Image_1401.jpg,0.99430555,19,79.9084
Image_2470.jpg,0.9978662,35,69.3366
Image_666.jpg,0.98210907,32,79.9868
Image_1501.jpg,0.94786894,55,66.8853
Image_278.jpg,0.99966884,28,77.8975
Image_2579.jpg,0.9988586,18,70.3245
Image_15.jpg,0.8234571,11,81.4038
Image_2383.jpg,0.8172369,66,71.9202
Image_1361.jpg,0.99543285,50,81.2732
Image_808.jpg,0.6364035,26,67.2699
Image_610.jpg,0.99852186,22,75.6467
Image_1672.jpg,0.9893225,33,69.5286
Image_319.jpg,0.9981493,61,78.6882
Image_1538.jpg,0.6678485,39,66.5389
Image_1061.jpg,0.9998049,73,69.6098
Image_1284.jpg,0.9857475,13,73.4708
Image_601.jpg,0.9985696,71,66.3430
Image_2472.jpg,0.99548006,59,77.6869
Image_1116.jpg,0.977475,53,66.8762
Image_1819.jpg,0.99568754,66,79.2438
Image_127.jpg,0.99679655,35,65.8850
Image_1566.jpg,0.98921317,34,75.9011
Image_736.jpg,0.99543375,61,65.8847
Image_1729.jpg,0.99693835,54,74.6575
Image_225.jpg,0.9960211,25,76.2542
Image_1789.jpg,0.96984833,44,84.8681
Image_592.jpg,0.9741776,60,88.6958
Image_2617.jpg,0.99185514,46,136.2469
Image_215.jpg,0.9976617,68,135.6809
Image_2521.jpg,0.9531962,19,181.8954
Image_2751.jpg,0.99490756,63,217.8387
Image_1129.jpg,0.996741,20,110.3950
Image_2548.jpg,0.90171957,44,135.2389
Image_2241.jpg,0.99371016,33,121.9985
Image_138.jpg,0.9925608,57,105.0743
Image_697.jpg,0.99425715,49,78.5752
Image_1408.jpg,0.9804904,38,72.9017
Image_1582.jpg,0.99271446,46,72.3114
Image_345.jpg,0.9951865,46,73.0661
Image_1720.jpg,0.96796966,39,75.9191
Image_2756.jpg,0.9924501,5,85.9207
Image_900.jpg,0.9970764,0,75.1997
Image_1222.jpg,0.99266773,7,66.9248
Image_443.jpg,0.9988518,2,75.5976
Image_865.jpg,0.9868607,17,71.7572
Image_501.jpg,0.9993641,38,68.8274
Image_1180.jpg,0.99521244,73,72.7509
Image_386.jpg,0.960909,38,84.1025
Image_12.jpg,0.99601114,35,75.9693
Image_2182.jpg,0.93205893,42,73.8537
Image_2432.jpg,0.8633889,14,77.2405
Image_662.jpg,0.9855478,63,71.4952
Image_1689.jpg,0.8484694,32,73.8380
Image_758.jpg,0.22230925,43,80.2915
Image_727.jpg,0.9982293,11,76.6927
Image_2050.jpg,0.98374075,32,76.6469
Image_810.jpg,0.9992962,0,73.3824
Image_205.jpg,0.9881174,70,74.1838
Image_208.jpg,0.8718988,60,73.4253
Image_52.jpg,0.89599866,72,71.5519
Image_105.jpg,0.9928221,29,80.9211
Image_1024.jpg,0.99962986,10,72.0738
Image_2572.jpg,0.97365713,39,74.0543
Image_1212.jpg,0.98243225,24,70.5124
Image_159.jpg,0.9965778,74,75.4272
Image_1406.jpg,0.98414755,69,68.4733
Image_572.jpg,0.98762953,56,78.4472
Image_54.jpg,0.97024196,68,83.5745
Image_798.jpg,0.99193466,34,76.4596
Image_841.jpg,0.9525324,70,71.6411
Image_2550.jpg,0.9987477,62,78.3328
Image_2696.jpg,0.9969451,59,67.9131
Image_320.jpg,0.22103244,65,75.0835
Image_846.jpg,0.6822408,56,72.1540
Image_79.jpg,0.9939042,4,83.9784
Image_1388.jpg,0.700739,32,70.2380
Image_915.jpg,0.9979804,21,76.7984
Image_673.jpg,0.9998388,41,66.3251
Image_1863.jpg,0.99557805,37,75.4448
Image_1797.jpg,0.98727775,38,67.3683
Image_2427.jpg,0.9969704,17,86.9344
Image_444.jpg,0.9833409,13,65.7209
Image_1048.jpg,0.9857335,64,75.4904
Image_1730.jpg,0.97412777,52,67.1335
Image_2683.jpg,0.9941011,34,77.3449
Image_445.jpg,0.9964651,14,66.6103
Image_944.jpg,0.9982095,74,75.6693
Image_1172.jpg,0.99305624,50,71.2419
Image_2070.jpg,0.9959182,61,75.5629
Image_1615.jpg,0.9990729,62,67.6493
Image_211.jpg,0.9849401,11,82.4705
Image_1570.jpg,0.9984285,28,66.4166
Image_134.jpg,0.9713499,13,78.6866
Image_498.jpg,0.9907375,2,66.6119
Image_2350.jpg,0.99703467,7,86.6820
Image_2172.jpg,0.9908572,0,67.5516
Image_130.jpg,0.99529284,20,80.1437
Image_2351.jpg,0.9940579,51,69.5419
Image_2499.jpg,0.9993679,41,74.8998
Image_1337.jpg,0.77333516,8,66.9763
Image_2125.jpg,0.6086337,17,78.7758
Image_1080.jpg,0.99842334,2,72.5898
Image_2048.jpg,0.99379104,55,77.9351
Image_950.jpg,0.9966363,46,67.1727
Image_1675.jpg,0.98499227,15,79.8142
Image_546.jpg,0.98562825,36,65.4131
Image_618.jpg,0.9982545,30,71.1415
Image_384.jpg,0.9916544,3,81.8019
Image_2194.jpg,0.99522567,13,78.7032
Image_1236.jpg,0.9913863,55,66.6835
Image_2442.jpg,0.9985165,7,73.7593
Image_2783.jpg,0.98700213,21,76.3665
Image_1805.jpg,0.9929409,51,73.3482
Image_1849.jpg,0.9998766,41,84.9223
Image_1207.jpg,0.9839919,25,86.2992
Image_2642.jpg,0.99865204,59,67.7892
Image_2403.jpg,0.9994035,12,73.6333
Image_489.jpg,0.99728346,41,68.5084
Image_1944.jpg,0.99779993,20,71.6812
Image_43.jpg,0.97967774,20,76.8637
Image_246.jpg,0.9555087,19,76.3584
Image_2112.jpg,0.9395191,49,79.6356
Image_2174.jpg,0.9264101,52,70.5450
Image_1070.jpg,0.9972614,46,71.9244
Image_537.jpg,0.9865725,46,73.4731
Image_404.jpg,0.9994561,50,71.4897
Image_1601.jpg,0.5137884,8,66.5701
Image_742.jpg,0.99912685,73,107.0004
Image_2337.jpg,0.995741,5,85.4031
Image_793.jpg,0.9835841,45,67.3745
Image_2121.jpg,0.9986866,2,73.3447
Image_1731.jpg,0.9978986,54,72.9232
Image_2557.jpg,0.9944834,25,72.7164
Image_2763.jpg,0.99306524,32,69.8830
Image_2248.jpg,0.9354419,46,93.5948
Image_1352.jpg,0.9991316,28,66.0233
Image_1623.jpg,0.9995017,9,74.3202
Image_670.jpg,0.99882215,4,68.5982
Image_1050.jpg,0.9958276,11,73.8887
Image_652.jpg,0.90264773,53,68.2240
Image_2551.jpg,0.94048375,4,73.6611
Image_1140.jpg,0.9896353,34,74.8808
Image_1948.jpg,0.96757925,39,71.4551
Image_180.jpg,0.9726615,64,73.3046
Image_898.jpg,0.982278,0,69.1106
Image_51.jpg,0.8630169,27,76.3316
Image_76.jpg,0.9883238,53,70.4510
Image_779.jpg,0.9980744,43,87.7065
Image_2740.jpg,0.94930804,33,70.2959
Image_1436.jpg,0.98990434,55,75.0251
Image_2746.jpg,0.9099734,39,70.0272
Image_2759.jpg,0.9721664,43,80.5138
Image_335.jpg,0.9914723,17,69.7703
Image_834.jpg,0.9976109,45,77.2326
Image_1019.jpg,0.62029594,2,75.0447
Image_74.jpg,0.2706627,11,77.6664
Image_681.jpg,0.9960974,24,67.2896
Image_212.jpg,0.97248816,65,75.1397
Image_1576.jpg,0.9983606,9,66.7186
Image_1034.jpg,0.99780124,50,76.7018
Image_1545.jpg,0.97734773,42,66.9092
Image_2527.jpg,0.9932198,58,75.9776
Image_2302.jpg,0.9552134,41,67.8378
Image_821.jpg,0.81548107,63,75.8920
Image_31.jpg,0.99867177,62,68.3713
Image_1104.jpg,0.9982291,60,78.2624
Image_2231.jpg,0.99896276,67,90.4967
Image_2292.jpg,0.9988908,71,90.7778
Image_535.jpg,0.7404041,66,69.3488
Image_1749.jpg,0.99969995,18,79.7570
Image_1878.jpg,0.9155343,46,67.1358
Image_2539.jpg,0.99504673,3,76.8630
Image_734.jpg,0.9801569,19,68.2408
Image_1616.jpg,0.77923375,19,77.7933
Image_889.jpg,0.9917699,32,75.4674
Image_2698.jpg,0.9976751,12,76.2874
Image_428.jpg,0.94223255,12,69.1183
Image_1769.jpg,0.980943,59,79.5876
Image_2430.jpg,0.9811793,2,68.5203
Image_699.jpg,0.95243764,47,70.5207
Image_175.jpg,0.9980756,17,69.1224
Image_1990.jpg,0.998009,24,82.1255
Image_139.jpg,0.9347883,19,67.0557
Image_1424.jpg,0.99799204,9,78.3160
Image_870.jpg,0.995398,5,66.7298
Image_1294.jpg,0.99437684,20,79.8647
Image_141.jpg,0.97933275,4,66.6325
Image_2610.jpg,0.99933416,43,82.4187
Image_2037.jpg,0.99783546,61,74.9265
Image_493.jpg,0.9982988,10,78.5806
Image_27.jpg,0.38858715,20,67.2533
Image_2715.jpg,0.77849984,22,81.4920
Image_2501.jpg,0.9950178,48,67.8803
Image_982.jpg,0.999567,52,78.5128
Image_2680.jpg,0.9412959,22,70.0046
Image_552.jpg,0.9980964,61,86.3938
Image_1374.jpg,0.9932648,51,68.3047
Image_1514.jpg,0.9988625,26,81.1475
Image_929.jpg,0.9993507,73,69.5356
Image_1342.jpg,0.9973598,40,83.5965
Image_2436.jpg,0.99943966,70,66.3288
Image_2425.jpg,0.99818087,31,87.2417
Image_123.jpg,0.9845962,69,66.6129
Image_2778.jpg,0.8260656,39,76.4421
Image_1022.jpg,0.99607396,0,67.8189
Image_2513.jpg,0.9886253,64,79.5057
Image_2438.jpg,0.9896981,43,66.9628
Image_2358.jpg,0.99900717,10,86.0224
Image_1700.jpg,0.9945024,59,73.0583
Image_1257.jpg,0.9881742,58,80.1176
Image_609.jpg,0.99850094,28,66.1815
Image_2511.jpg,0.74867225,8,81.4876
Image_1003.jpg,0.9994282,67,66.6858
Image_911.jpg,0.9762137,45,77.4315
Image_1612.jpg,0.99924576,23,78.4276
Image_1407.jpg,0.99973625,55,78.3791
Image_2240.jpg,0.9985083,71,67.1462
Image_1690.jpg,0.99984264,18,78.2975
Image_1677.jpg,0.98929554,48,69.8106
Image_613.jpg,0.9968802,0,77.5557
Image_1850.jpg,0.9945734,34,66.5971
Image_1038.jpg,0.99977773,43,136.6607
Image_7.jpg,0.9974503,50,129.9117
Image_1716.jpg,0.98609734,23,80.4698
Image_2065.jpg,0.99232763,71,78.0189
Image_1909.jpg,0.9847953,58,69.0048
Image_2607.jpg,0.98871803,43,85.3584
Image_37.jpg,0.99574393,26,69.1255
Image_2749.jpg,0.9981007,67,76.9881
Image_1484.jpg,0.9728117,58,68.4121
Image_2731.jpg,0.9960174,59,87.3938
Image_169.jpg,0.99631315,4,71.3257
Image_2189.jpg,0.99116033,40,80.7049
Image_2076.jpg,0.9893469,46,80.9740
Image_397.jpg,0.9429964,4,74.6359
Image_238.jpg,0.9933948,34,72.2511
Image_2721.jpg,0.9978325,41,74.5827
Image_860.jpg,0.99793386,48,69.6831
Image_2635.jpg,0.973529,44,74.9963
Image_845.jpg,0.99956006,37,73.5120
Image_45.jpg,0.9957918,51,80.3492
Image_2127.jpg,0.9288967,72,70.9780
Image_1628.jpg,0.99229056,46,76.5850
Image_476.jpg,0.97940356,63,70.0953
Image_624.jpg,0.9863602,58,77.2823
Image_708.jpg,0.49727592,18,140.1946
Image_1778.jpg,0.97531223,26,130.1491
Image_938.jpg,0.9786122,27,179.0086
Image_2645.jpg,0.9991233,62,160.8056
Image_2462.jpg,0.6899654,6,128.0986
Image_769.jpg,0.99640757,36,68.6851
Image_1666.jpg,0.9948214,1,77.9070
Image_1982.jpg,0.9999522,46,67.1599
Image_218.jpg,0.9656165,69,104.6165
Image_857.jpg,0.9991141,53,122.9196
Image_1591.jpg,0.9701387,49,113.9452
Image_300.jpg,0.99900997,7,119.9338
Image_1852.jpg,0.99816555,40,120.6496
Image_1654.jpg,0.9836389,25,122.3826
Image_220.jpg,0.9918074,66,67.6131
Image_1231.jpg,0.9977203,67,78.5662
Image_2571.jpg,0.99906737,56,67.4583
Image_1256.jpg,0.99388134,45,78.5189
Image_492.jpg,0.99888486,28,71.2470
Image_1052.jpg,0.99925834,37,80.8741
Image_2233.jpg,0.98573315,13,73.4932
Image_2461.jpg,0.9997174,71,76.7073
Image_2477.jpg,0.99786335,50,67.6760
Image_1110.jpg,0.99926513,37,77.0973
Image_2679.jpg,0.96425235,57,67.0837
Image_2138.jpg,0.95056456,58,77.6416
Image_60.jpg,0.9968875,48,81.1974
Image_2734.jpg,0.9957386,46,78.7419
Image_1246.jpg,0.82919437,52,68.2110
Image_1864.jpg,0.95917326,6,76.6071
Image_1703.jpg,0.9529914,35,69.4523
Image_197.jpg,0.9997209,43,76.0462
Image_1233.jpg,0.98030764,69,68.3523
Image_1127.jpg,0.9093256,60,86.0974
Image_1642.jpg,0.95272785,47,68.9905
Image_32.jpg,0.99950063,37,72.0558
Image_2221.jpg,0.99248475,0,66.3486
Image_568.jpg,0.9992804,71,84.6367
Image_58.jpg,0.97820973,19,66.1724
Image_2293.jpg,0.99744874,50,77.8168
Image_1191.jpg,0.3138361,59,77.6400
Image_1299.jpg,0.9994474,48,77.2814
Image_152.jpg,0.9165078,45,67.1465
Image_1794.jpg,0.9992711,63,77.9999
Image_1694.jpg,0.99443495,15,66.7499
Image_2660.jpg,0.99495983,14,69.0138
Image_1568.jpg,0.99583566,25,76.6461
Image_1326.jpg,0.98762786,41,85.3480
Image_1195.jpg,0.9973315,39,66.6530
Image_1911.jpg,0.89270085,6,78.0612
Image_1754.jpg,0.93656284,14,69.2488
Image_2083.jpg,0.14930221,65,75.0005
Image_1578.jpg,0.6908638,33,67.4615
Image_1715.jpg,0.999424,2,83.2264
Image_191.jpg,0.9753695,60,74.0230
Image_2030.jpg,0.9980026,38,79.5441
Image_774.jpg,0.993171,52,67.0142
Image_1650.jpg,0.97502637,17,78.1199
Image_172.jpg,0.9055095,26,97.0452
Image_2485.jpg,0.99640477,63,92.8775
Image_2750.jpg,0.99480814,58,68.1890
Image_2033.jpg,0.99806756,40,77.4770
Image_2526.jpg,0.9983278,11,66.5172
Image_723.jpg,0.9990765,25,75.8158
Image_671.jpg,0.999416,10,66.9537
Image_853.jpg,0.9850691,56,78.5282
Image_224.jpg,0.99758244,34,78.5636
Image_635.jpg,0.9605414,1,77.0131
Image_998.jpg,0.98506814,61,68.3928
Image_755.jpg,0.9989141,30,80.8196
Image_16.jpg,0.96427166,27,69.3233
Image_455.jpg,0.99856794,73,78.9388
Image_790.jpg,0.9980599,67,67.3987
Image_1984.jpg,0.9971143,43,87.4341
Image_2401.jpg,0.8576788,55,68.1730
Image_2290.jpg,0.9973853,61,77.3396
Image_2757.jpg,0.99937063,41,67.8984
Image_2405.jpg,0.99719304,36,80.6454
Image_1481.jpg,0.9890274,58,73.0568
Image_1854.jpg,0.97978884,36,82.7983
Image_2652.jpg,0.99055696,6,72.5250
Image_261.jpg,0.937612,12,77.8894
Image_1319.jpg,0.84554476,8,68.2331
Image_2088.jpg,0.99177074,59,75.5311
Image_966.jpg,0.9994717,7,67.7362
Image_97.jpg,0.50462127,70,77.3339
Image_1870.jpg,0.9960939,15,76.7436
Image_517.jpg,0.9994728,18,76.9746
Image_1550.jpg,0.99949396,30,67.8789
Image_855.jpg,0.99105924,43,79.7651
Image_2226.jpg,0.9724949,69,68.4677
Image_1493.jpg,0.9979352,36,83.3072
Image_1422.jpg,0.9414137,12,67.3848
Image_42.jpg,0.99809784,70,78.8622
Image_480.jpg,0.9941023,45,67.3724
Image_1655.jpg,0.9482926,11,73.6964
Image_1467.jpg,0.756682,15,72.8882
Image_2453.jpg,0.8831714,20,76.6307
Image_326.jpg,0.99918324,2,76.6292
Image_2305.jpg,0.9962668,13,78.6979
Image_468.jpg,0.98972297,16,79.0543
Image_2375.jpg,0.9857626,45,77.5067
Image_2136.jpg,0.99855775,34,66.3247
Image_2699.jpg,0.9571679,58,82.0550
Image_1044.jpg,0.99827516,67,68.1272
Image_2684.jpg,0.9985936,9,71.1520
Image_1035.jpg,0.63850826,48,85.1150
Image_2142.jpg,0.98677075,45,78.0050
Image_2081.jpg,0.8082024,49,68.0371
Image_1505.jpg,0.99421316,45,70.4281
Image_2421.jpg,0.98993,63,71.3417
Image_1057.jpg,0.9728516,71,70.9220
Image_1456.jpg,0.7012256,8,73.8853
Image_1265.jpg,0.99978095,37,77.2386
Image_773.jpg,0.99411327,51,76.3850
Image_1888.jpg,0.85740554,15,73.2675
Image_1054.jpg,0.9990169,33,73.7025
Image_2229.jpg,0.12839611,8,73.0663
Image_1092.jpg,0.9956216,30,79.2764
Image_2252.jpg,0.9962198,62,71.5667
Image_230.jpg,0.9987047,25,80.8986
Image_347.jpg,0.9983821,43,70.8922
Image_514.jpg,0.99234277,56,73.4766
Image_2523.jpg,0.9987379,23,68.8470
Image_888.jpg,0.99960893,56,79.9272
Image_1475.jpg,0.99592763,41,67.5391
Image_2253.jpg,0.9910793,16,85.1699
Image_1273.jpg,0.94342184,4,73.0158
Image_232.jpg,0.7852059,73,76.6581
Image_1910.jpg,0.97838247,18,66.8132
Image_1512.jpg,0.99946636,74,82.2563
Image_2247.jpg,0.7461087,44,67.5310
Image_754.jpg,0.9515435,15,77.5098
Image_2760.jpg,0.9604177,25,81.5055
Image_1126.jpg,0.99792516,35,75.5548
Image_420.jpg,0.9863942,18,67.4620
Image_2113.jpg,0.99449605,24,78.1131
Image_1855.jpg,0.97875947,61,67.3901
Image_2110.jpg,0.99064857,48,81.2611
Image_357.jpg,0.99838936,63,66.7078
Image_1430.jpg,0.988224,12,78.0616
Image_1726.jpg,0.99825805,40,71.3759
Image_1376.jpg,0.9954059,3,77.7317
Image_115.jpg,0.98503715,22,67.9051
Image_396.jpg,0.9999776,22,73.2555
Image_1696.jpg,0.9968291,61,66.7427
Image_1705.jpg,0.9885904,0,83.5532
Image_882.jpg,0.9932028,34,75.1616
Image_1152.jpg,0.9743134,31,75.1073
Image_1005.jpg,0.9974819,15,65.9218
Image_1604.jpg,0.9944102,25,74.0253
Image_2198.jpg,0.9902076,52,67.1093
Image_2223.jpg,0.9905036,49,77.2640
Image_382.jpg,0.9998598,73,75.3280
Image_2339.jpg,0.99839777,55,79.1930
Image_2580.jpg,0.9376041,45,69.7285
Image_1916.jpg,0.9916496,7,73.0408
Image_1682.jpg,0.98539597,15,66.6328
Image_352.jpg,0.9953884,59,79.9332
Image_2008.jpg,0.99918777,54,72.9530
Image_655.jpg,0.99916434,9,72.1697
Image_1288.jpg,0.9827215,58,72.1467
Image_1150.jpg,0.9986432,28,79.8494
Image_2273.jpg,0.99380916,40,67.8713
Image_1880.jpg,0.99313474,35,80.9635
Image_984.jpg,0.97595894,13,67.1043
Image_2390.jpg,0.9788905,12,82.9149
Image_1605.jpg,0.99726605,62,78.7403
Image_2146.jpg,0.9992324,51,78.5096
Image_1757.jpg,0.999629,41,65.6804
Image_69.jpg,0.99259806,23,72.9687
Image_1238.jpg,0.9831523,33,73.2738
Image_190.jpg,0.9925276,42,75.0448
Image_402.jpg,0.9975568,26,69.5732
Image_2238.jpg,0.98560345,57,86.3633
Image_939.jpg,0.9674126,6,67.5897
Image_2613.jpg,0.94059056,56,69.9941
Image_1579.jpg,0.98701084,51,74.3894
Image_2659.jpg,0.99933714,9,69.5283
Image_559.jpg,0.98691607,66,82.6537
Image_1803.jpg,0.99968314,28,91.0091
Image_1589.jpg,0.9978538,1,68.4066
Image_2002.jpg,0.97688895,51,77.4343
Image_1801.jpg,0.94436103,7,65.9275
Image_241.jpg,0.9962613,0,70.9839
Image_17.jpg,0.9932274,60,74.1712
Image_843.jpg,0.9991678,35,76.9601
Image_851.jpg,0.20711347,28,79.4865
Image_2515.jpg,0.9933767,25,73.3424
Image_48.jpg,0.97448313,15,75.6680
Image_1036.jpg,0.34295198,31,73.1430
Image_46.jpg,0.99971527,22,72.4205
Image_2211.jpg,0.99869365,33,71.5818
Image_1713.jpg,0.89648753,56,78.7428
Image_1141.jpg,0.9881484,28,86.1081
Image_2464.jpg,0.9959825,24,73.2171
Image_814.jpg,0.9990777,50,78.5601
Image_1447.jpg,0.9981456,74,68.4132
Image_1391.jpg,0.9995617,37,81.2859
Image_2023.jpg,0.99988174,37,74.7303
Image_2272.jpg,0.9908766,52,88.3509
Image_452.jpg,0.9779058,59,71.0797
Image_1309.jpg,0.94488597,49,74.5707
Image_2372.jpg,0.9904419,21,77.3531
Image_2476.jpg,0.99884194,47,77.6197
Image_2036.jpg,0.9993099,70,67.5116
Image_545.jpg,0.99948835,37,79.5562
Image_2754.jpg,0.99832326,1,75.3212
Image_1079.jpg,0.6330765,38,77.6218
Image_1978.jpg,0.9772399,19,66.1871
Image_2573.jpg,0.99840444,65,76.2939
Image_1268.jpg,0.97218364,73,68.0060
Image_1138.jpg,0.9950972,71,73.8357
Image_945.jpg,0.99951303,67,76.9726
Image_2739.jpg,0.7951136,46,84.3615
Image_869.jpg,0.98866445,49,67.8935
Image_2602.jpg,0.9991284,65,72.5192
Image_626.jpg,0.9985025,34,73.7209
Image_628.jpg,0.97814846,36,75.8484
Image_1719.jpg,0.99740773,59,76.2460
Image_273.jpg,0.4498971,12,87.4004
Image_2786.jpg,0.99878937,7,67.7376
Image_2232.jpg,0.9996276,56,71.9616
Image_1290.jpg,0.99647325,21,75.4844
Image_2726.jpg,0.9984982,11,79.1430
Image_729.jpg,0.97836226,27,67.5454
Image_1747.jpg,0.98615605,1,72.1957
Image_2742.jpg,0.91940135,36,78.5494
Image_1898.jpg,0.9968837,39,71.9754
Image_740.jpg,0.9977743,22,75.5010
Image_2046.jpg,0.9817883,19,71.7775
Image_1331.jpg,0.99588937,3,73.7433
Image_1958.jpg,0.9961119,36,72.6307
Image_500.jpg,0.9949078,52,82.1887
Image_295.jpg,0.68190837,26,80.0944
Image_1931.jpg,0.9920884,31,72.8166
Image_1825.jpg,0.99944395,28,71.0860
Image_2655.jpg,0.97910905,47,72.2607
Image_1667.jpg,0.94155836,20,76.5817
Image_2139.jpg,0.91095567,66,76.4809
Image_1473.jpg,0.9906399,20,90.5450
Image_2336.jpg,0.9978186,57,66.3300
Image_1634.jpg,0.994344,3,81.7854
Image_1929.jpg,0.9991134,67,68.1610
Image_2443.jpg,0.8529431,57,72.3040
Image_245.jpg,0.9349788,36,75.1530
Image_2283.jpg,0.99745363,69,68.3432
Image_1199.jpg,0.9909847,33,78.7907
Image_716.jpg,0.9971269,71,68.8095
Image_1107.jpg,0.9996668,62,76.0903
Image_344.jpg,0.42535898,8,65.4162
Image_738.jpg,0.99942774,43,84.2966
Image_2032.jpg,0.9961282,47,67.7805
Image_88.jpg,0.998216,67,84.2015
Image_1673.jpg,0.9960764,2,81.2498
Image_1049.jpg,0.9975261,36,75.8776
Image_1274.jpg,0.9965072,48,69.8507
Image_1143.jpg,0.9975764,23,77.7325
Image_1069.jpg,0.9922936,6,73.3014
Image_458.jpg,0.9995129,67,78.7065
Image_302.jpg,0.9919545,64,86.0266
Image_1086.jpg,0.99336714,25,73.4068
Image_781.jpg,0.99773586,60,76.3811
Image_1336.jpg,0.9892141,55,70.9892
Image_257.jpg,0.50255775,30,71.9905
Image_1235.jpg,0.9930472,19,74.5940
Image_1782.jpg,0.88055533,27,76.1939
Image_1486.jpg,0.9880972,3,85.6684
Image_555.jpg,0.994935,6,82.5050
Image_1725.jpg,0.99128926,53,67.1508
Image_1920.jpg,0.9935579,59,79.8397
Image_2209.jpg,0.9990928,43,67.1504
Image_711.jpg,0.9931229,53,73.9663
Image_1421.jpg,0.9857125,22,112.0126
Image_2633.jpg,0.8298748,35,79.4216
Image_2486.jpg,0.9992436,30,65.8730
Image_1830.jpg,0.9895365,53,77.0805
Image_739.jpg,0.997823,49,66.8363
Image_631.jpg,0.6789448,19,82.7229
Image_2294.jpg,0.99891865,14,79.9756
Image_325.jpg,0.6864343,41,78.2809
Image_828.jpg,0.87142855,43,67.5214
Image_2315.jpg,0.9945891,62,73.0826
Image_1614.jpg,0.98805785,59,68.1494
Image_526.jpg,0.8258115,44,76.9974
Image_2465.jpg,0.9772195,26,67.9242
Image_1428.jpg,0.70184946,32,80.7241
Image_880.jpg,0.9874599,72,66.3080
Image_478.jpg,0.99798137,28,75.7717
Image_577.jpg,0.999479,52,66.9683
Image_1068.jpg,0.9243693,19,75.1253
Image_2055.jpg,0.9275384,14,69.7951
Image_2415.jpg,0.99939907,65,71.4304
Image_2320.jpg,0.998979,54,83.6172
Image_2044.jpg,0.9965624,28,80.6060
Image_832.jpg,0.99214983,63,68.1084
Image_1266.jpg,0.99596006,49,72.8127
Image_473.jpg,0.9896416,18,74.2137
Image_1350.jpg,0.8809026,36,82.6655
Image_112.jpg,0.92066675,55,79.2190
Image_117.jpg,0.9975714,54,87.9617
Image_2535.jpg,0.9913474,11,66.7717
Image_1763.jpg,0.98446506,52,80.1968
Image_1746.jpg,0.9977684,11,66.7791
Image_321.jpg,0.84070724,6,77.0490
Image_168.jpg,0.9931967,47,67.5883
Image_2672.jpg,0.99485767,19,90.7116
Image_985.jpg,0.9942106,63,67.8989
Image_1733.jpg,0.98746467,45,81.6838
Image_385.jpg,0.97072023,44,66.5370
Image_1293.jpg,0.99556535,30,77.6388
Image_757.jpg,0.9970964,12,66.3255
Image_1377.jpg,0.9973578,50,78.8399
Image_1310.jpg,0.9991404,1,82.7343
Image_1232.jpg,0.99725866,39,82.3292
Image_1087.jpg,0.99088365,41,65.9151
Image_2703.jpg,0.9978756,61,76.9695
Image_2277.jpg,0.9158542,13,66.8245
Image_2439.jpg,0.9995716,43,72.9772
Image_440.jpg,0.9674091,0,80.8894
Image_2658.jpg,0.97582006,18,84.3462
Image_1946.jpg,0.995622,41,66.0938
Image_674.jpg,0.99291056,49,78.0562
Image_1224.jpg,0.56531173,41,67.5236
Image_2263.jpg,0.9948527,74,78.7176
Image_1262.jpg,0.99209094,17,67.8035
Image_18.jpg,0.9413257,55,86.1861
Image_1275.jpg,0.99571323,42,68.1300
Image_1483.jpg,0.41708168,54,76.2978
Image_2489.jpg,0.9985857,33,67.6471
Image_713.jpg,0.86228895,31,72.5001
Image_2228.jpg,0.9979505,31,72.3515
Image_1531.jpg,0.9984578,30,69.0697
Image_1529.jpg,0.99613863,42,83.8870
Image_1177.jpg,0.9994367,27,69.6078
Image_353.jpg,0.99490595,51,75.7692
Image_488.jpg,0.9965005,54,69.8792
Image_1943.jpg,0.99338746,70,76.5145
Image_1190.jpg,0.5200811,24,73.3025
Image_1108.jpg,0.9983814,70,84.5762
Image_1242.jpg,0.99942636,37,83.4314
Image_2638.jpg,0.8317078,14,76.9039
Image_2718.jpg,0.99930036,23,77.7469
Image_1133.jpg,0.9850557,72,66.8906
Image_878.jpg,0.9990513,20,69.7120
Image_1839.jpg,0.97852683,21,74.6796
Image_336.jpg,0.9023705,45,77.0418
Image_2764.jpg,0.98856246,65,80.3200
Image_507.jpg,0.9992225,56,73.6568
Image_651.jpg,0.9974389,67,73.7858
Image_1586.jpg,0.98503196,16,73.3855
Image_279.jpg,0.99866414,26,73.4650
Image_111.jpg,0.9991898,28,73.1383
Image_2380.jpg,0.99905485,5,80.6417
Image_1942.jpg,0.9978771,39,74.0112
Image_1437.jpg,0.9989189,2,74.1482
Image_497.jpg,0.9995302,62,71.7968
Image_474.jpg,0.8951408,44,74.3006
Image_1676.jpg,0.274401,22,71.4531
Image_1787.jpg,0.964775,35,86.6880
Image_1366.jpg,0.9948887,45,75.8359
Image_1919.jpg,0.98215103,68,74.3899
Image_2135.jpg,0.983217,16,68.5331
Image_2772.jpg,0.98847115,50,77.4171
Image_785.jpg,0.99594456,1,67.8003
Image_584.jpg,0.9970319,63,76.7389
Image_685.jpg,0.99875104,14,74.2863
Image_1239.jpg,0.9905563,13,78.7425
Image_2316.jpg,0.9810197,2,67.6836
Image_1508.jpg,0.99907124,53,76.8785
Image_2180.jpg,0.7120597,57,68.4996
Image_1198.jpg,0.69632804,21,77.9223
Image_1321.jpg,0.9973124,17,67.6791
Image_144.jpg,0.9961803,54,89.2501
Image_820.jpg,0.9990779,73,66.6482
Image_644.jpg,0.9941525,25,82.1871
Image_1124.jpg,0.66220295,30,67.0929
Image_1096.jpg,0.93551475,69,79.3167
Image_355.jpg,0.99645126,12,68.7462
Image_993.jpg,0.9954152,16,76.8784
Image_2483.jpg,0.99836963,40,78.7815
Image_1390.jpg,0.9956417,3,80.9892
Image_2662.jpg,0.9972573,56,65.0583
Image_1817.jpg,0.9997389,7,77.8137
Image_1123.jpg,0.8408677,46,68.4107
Image_1306.jpg,0.97784984,46,77.8639
Image_1084.jpg,0.22859457,17,75.8620
Image_1663.jpg,0.99820316,62,83.4304
Image_2463.jpg,0.7759778,27,66.8314
Image_2686.jpg,0.98783046,66,80.8896
Image_1196.jpg,0.99924797,9,67.2358
Image_265.jpg,0.9003361,13,77.6877
Image_2327.jpg,0.9970963,51,65.6137
Image_1320.jpg,0.9976306,48,81.2474
Image_2096.jpg,0.99970216,70,67.3069
Image_2038.jpg,0.8951029,33,75.9438
Image_2299.jpg,0.9980989,48,69.2868
Image_1859.jpg,0.9988273,71,78.0381
Image_2562.jpg,0.99145085,21,66.0817
Image_1042.jpg,0.99585515,14,81.3180
Image_508.jpg,0.99503434,54,78.7081
Image_1216.jpg,0.9443994,55,70.8445
Image_2397.jpg,0.9986719,54,69.2704
Image_2616.jpg,0.8814453,19,77.1993
Image_2012.jpg,0.9973495,59,68.3500
Image_2496.jpg,0.9982161,37,76.0331
Image_2593.jpg,0.9966595,67,67.3326
Image_2091.jpg,0.97668546,26,90.3922
Image_1192.jpg,0.9994642,60,67.4061
Image_532.jpg,0.99726784,22,78.5712
Image_1592.jpg,0.9993781,67,68.7006
Image_678.jpg,0.9981536,40,76.7170
Image_893.jpg,0.99793625,10,68.4927
Image_2246.jpg,0.9198951,44,77.6275
Image_2385.jpg,0.9758613,0,74.3257
Image_942.jpg,0.99959666,18,70.2860
Image_1040.jpg,0.9964766,12,73.3361
Image_2145.jpg,0.9663158,57,69.4985
Image_2399.jpg,0.9997646,30,74.2565
Image_2538.jpg,0.97285473,58,83.7521
Image_641.jpg,0.99919385,33,84.3514
Image_125.jpg,0.98712254,5,80.1320
Image_1358.jpg,0.9992943,14,69.1900
Image_2637.jpg,0.64272267,8,78.0417
Image_1357.jpg,0.9452892,34,66.6817
Image_1511.jpg,0.99948066,2,75.7595
Image_2181.jpg,0.77272165,27,70.2959
Image_2024.jpg,0.981414,48,90.0712
Image_164.jpg,0.998131,49,68.8664
Image_250.jpg,0.9905009,16,77.3573
Image_649.jpg,0.99829715,45,69.2777
Image_910.jpg,0.7574677,8,77.5746
Image_49.jpg,0.998125,3,67.6216
Image_1724.jpg,0.51610357,8,80.0305
Image_2298.jpg,0.9977714,47,76.5303
Image_981.jpg,0.9878506,25,70.5354
Image_2368.jpg,0.8387517,27,74.8718
Image_1016.jpg,0.9996557,30,80.9298
Image_339.jpg,0.9719792,65,66.8811
Image_219.jpg,0.85733247,38,77.9559
Image_91.jpg,0.5001227,37,84.0258
Image_2059.jpg,0.9998431,37,75.9415
Image_1924.jpg,0.9714797,45,69.2839
Image_586.jpg,0.9821785,74,78.3157
Image_2197.jpg,0.9978667,71,67.1045
Image_970.jpg,0.9963321,3,73.6464
Image_557.jpg,0.99473,45,72.2703
Image_2319.jpg,0.9631172,44,87.3339
Image_1404.jpg,0.9696955,13,66.5666
Image_1130.jpg,0.9980234,32,70.6461
Image_1824.jpg,0.995269,59,75.7779
Image_2291.jpg,0.9813152,69,78.0000
Image_745.jpg,0.99271506,4,68.4405
Image_1494.jpg,0.99467695,17,73.5714
Image_2784.jpg,0.9352447,19,80.4867
Image_2034.jpg,0.9426576,34,71.7985
Image_2190.jpg,0.8252903,20,72.4802
Image_1894.jpg,0.99373984,5,68.5216
Image_1533.jpg,0.9980292,23,99.5778
Image_2676.jpg,0.9896841,16,82.2302
Image_2577.jpg,0.9888992,54,78.8844
Image_1814.jpg,0.5718241,22,78.7418
Image_39.jpg,0.9793132,15,68.3595
Image_901.jpg,0.12766759,12,75.5205
Image_1626.jpg,0.65582085,15,66.7804
Image_75.jpg,0.99551857,10,77.8638
Image_86.jpg,0.86305624,19,76.2283
Image_646.jpg,0.79296935,25,85.3200
Image_287.jpg,0.9998889,37,67.7761
Image_2506.jpg,0.9460603,47,77.0981
Image_1554.jpg,0.99790585,49,68.3491
Image_560.jpg,0.9901642,36,80.5261
Image_1516.jpg,0.99756384,63,68.4519
Image_2737.jpg,0.8660727,52,90.7121
Image_2455.jpg,0.99392635,31,70.3771
Image_2087.jpg,0.9978223,61,77.0668
Image_409.jpg,0.99679875,40,66.9371
Image_1420.jpg,0.9693382,21,77.2915
Image_2494.jpg,0.991368,64,67.4386
Image_1045.jpg,0.9977533,32,74.4368
Image_593.jpg,0.999652,43,85.4787
Image_2341.jpg,0.9976674,72,79.0768
Image_1973.jpg,0.9968828,3,67.3609
Image_2318.jpg,0.96723324,25,79.9800
Image_1915.jpg,0.9916334,74,66.8601
Image_2027.jpg,0.75991017,38,74.7670
Image_688.jpg,0.9998933,32,83.7905
Image_1588.jpg,0.99937385,54,80.5573
Image_2546.jpg,0.9432673,56,67.1396
Image_34.jpg,0.9998534,30,78.4073
Image_1928.jpg,0.97859037,36,68.5973
Image_1960.jpg,0.9638883,72,78.6914
Image_337.jpg,0.9969938,47,70.0272
Image_2503.jpg,0.99859387,24,84.6025
Image_2026.jpg,0.99797696,21,67.5391
Image_2762.jpg,0.9953448,62,72.4490
Image_1060.jpg,0.9991473,25,73.1413
Image_1072.jpg,0.9606779,19,77.1012
Image_1460.jpg,0.9396215,19,68.8761
Image_2625.jpg,0.99007344,0,73.5829
Image_733.jpg,0.99747616,70,84.6493
Image_1489.jpg,0.9911993,6,81.8026
Image_2256.jpg,0.99548835,45,66.5109
Image_2105.jpg,0.99477035,29,76.8201
Image_1811.jpg,0.9947312,18,66.1718
Image_590.jpg,0.41275665,19,70.2481
Image_1994.jpg,0.9667987,54,83.0775
Image_1083.jpg,0.70724434,11,75.9786
Image_322.jpg,0.99629825,20,74.3637
Image_1542.jpg,0.98353344,3,70.7138
Image_1459.jpg,0.80547136,56,77.9684
Image_802.jpg,0.39877498,35,74.2193
Image_1971.jpg,0.61457694,7,73.5604
Image_883.jpg,0.9736094,36,77.6407
Image_1522.jpg,0.9828363,52,77.3266
Image_2639.jpg,0.9881343,42,72.3159
Image_1587.jpg,0.9547721,44,73.5161
Image_2123.jpg,0.99505204,24,71.1683
Image_2435.jpg,0.9405819,11,74.2777
Image_310.jpg,0.9967542,50,69.7032
Image_799.jpg,0.56387717,8,84.6202
Image_1103.jpg,0.99792516,5,72.0409
Image_1492.jpg,0.9714655,19,77.7078
Image_206.jpg,0.9957117,3,73.4878
Image_1645.jpg,0.9543103,55,73.0982
Image_1134.jpg,0.40971756,8,65.6756
Image_280.jpg,0.97290164,15,81.8147
Image_2053.jpg,0.9064489,19,75.6681
Image_2278.jpg,0.9995441,54,74.8264
Image_1608.jpg,0.999005,70,67.0001
Image_1418.jpg,0.9756722,72,80.8146
Image_176.jpg,0.9337254,59,67.7404
Image_752.jpg,0.99289143,58,77.8130
Image_859.jpg,0.9204417,22,85.3983
Image_1118.jpg,0.9936195,0,72.8516
Image_2045.jpg,0.997787,4,66.9602
Image_2347.jpg,0.9995345,2,77.9253
Image_2695.jpg,0.91457856,14,67.7620
Image_465.jpg,0.9979752,2,76.6427
Image_658.jpg,0.97094697,14,67.0612
Image_479.jpg,0.6870293,66,79.9681
Image_210.jpg,0.99894446,18,68.7725
Image_1986.jpg,0.9885954,15,72.1357
Image_2093.jpg,0.9963413,33,68.3345
Image_2634.jpg,0.99907744,9,75.8763
Image_1075.jpg,0.9762614,4,66.6239
Image_956.jpg,0.99814487,40,76.5431
Image_969.jpg,0.9890564,64,74.4209
Image_1808.jpg,0.9297577,12,78.1065
Image_1457.jpg,0.9933583,12,67.7864
Image_2563.jpg,0.99986064,37,73.0569
Image_1491.jpg,0.94711083,44,67.5144
Image_1117.jpg,0.72700834,33,80.5501
Image_1743.jpg,0.99059033,59,68.0082
Image_2140.jpg,0.99493945,72,89.1602
Image_2029.jpg,0.99897814,62,69.0928
Image_2416.jpg,0.99500436,74,74.5186
Image_625.jpg,0.994994,21,66.1459
Image_2330.jpg,0.99332184,48,76.1400
Image_1918.jpg,0.9933837,73,67.0068
Image_2156.jpg,0.99809057,73,79.7498
Image_1989.jpg,0.9982072,41,78.8858
Image_1254.jpg,0.9756562,38,75.5021
Image_594.jpg,0.99270016,18,69.6761
Image_959.jpg,0.9272216,9,79.7720
Image_364.jpg,0.9857619,35,70.1326
Image_598.jpg,0.9986939,35,76.4258
Image_1409.jpg,0.9993293,53,80.8786
Image_262.jpg,0.99946064,59,77.3283
Image_519.jpg,0.9988675,4,66.1885
Image_423.jpg,0.99631315,65,70.6049
Image_2006.jpg,0.99776924,53,73.9006
Image_953.jpg,0.6222216,25,70.7317
Image_2236.jpg,0.5253913,38,75.7682
Image_816.jpg,0.9878104,58,79.3400
Image_1999.jpg,0.99646014,62,75.3658
Image_2187.jpg,0.63672704,35,73.7078
Image_436.jpg,0.9965329,45,76.3040
Image_741.jpg,0.9965618,54,71.1666
Image_2622.jpg,0.99467355,10,74.0602
Image_1992.jpg,0.6013263,67,69.9718
Image_216.jpg,0.98696893,10,85.3559
Image_1462.jpg,0.9766203,72,72.7697
Image_349.jpg,0.9996928,2,73.8028
Image_778.jpg,0.984186,39,65.5303
Image_511.jpg,0.9978853,35,73.3322
Image_2003.jpg,0.999076,71,66.5735
Image_1187.jpg,0.9953448,54,90.1611
Image_565.jpg,0.86827,51,68.6996
Image_379.jpg,0.8060015,72,76.3021
Image_296.jpg,0.9992867,45,66.6652
Image_2516.jpg,0.9933523,45,78.7461
Image_1748.jpg,0.99783117,59,66.8872
Image_1470.jpg,0.9979352,52,74.5898
Image_1886.jpg,0.99145085,33,79.1849
Image_90.jpg,0.99577904,28,79.6226
Image_1776.jpg,0.9985813,62,67.6379
Image_2271.jpg,0.99919444,63,75.8522
Image_1969.jpg,0.9705275,65,67.2042
Image_1728.jpg,0.9839262,64,74.4479
Image_1431.jpg,0.9988764,23,67.9744
Image_629.jpg,0.99327904,64,91.8868
Image_1410.jpg,0.9978442,5,66.8193
Image_1857.jpg,0.99955505,35,76.8381
Image_2630.jpg,0.9992982,60,67.0357
Image_1139.jpg,0.9411152,22,67.9783
Image_1574.jpg,0.99811184,52,73.2672
Image_2531.jpg,0.7113388,36,75.8185
Image_463.jpg,0.98875564,19,78.7810
Image_2553.jpg,0.9895209,0,76.3766
Image_550.jpg,0.9289184,13,67.4836
Image_583.jpg,0.99366105,25,78.6704
Image_861.jpg,0.98557174,48,66.9890
Image_1379.jpg,0.9997271,54,76.2936
Image_974.jpg,0.5512939,4,72.4582
Image_154.jpg,0.39733413,31,87.4622
Image_331.jpg,0.9522435,60,67.9137
Image_2547.jpg,0.9944225,29,77.3704
Image_2066.jpg,0.9792621,65,67.9808
Image_1443.jpg,0.9980375,61,85.2243
Image_2199.jpg,0.9084054,39,75.2405
Image_947.jpg,0.99356043,41,90.2593
Image_1791.jpg,0.29516262,25,70.3417
Image_1741.jpg,0.9936473,45,69.7507
Image_1477.jpg,0.89360976,17,66.5004
Image_1340.jpg,0.9909031,48,76.4159
Image_575.jpg,0.77151126,49,66.9875
Image_1722.jpg,0.99743587,67,77.6788
Image_78.jpg,0.9977233,11,75.6782
Image_50.jpg,0.9938881,28,76.5372
Image_668.jpg,0.99780256,70,67.0719
Image_209.jpg,0.84782106,13,79.3072
Image_2175.jpg,0.9985796,67,66.5932
Image_21.jpg,0.9922455,15,75.8022
Image_747.jpg,0.99658185,27,75.5582
Image_1480.jpg,0.9331825,22,82.9900
Image_276.jpg,0.99961936,63,65.9810
Image_989.jpg,0.90556186,52,73.8896
Image_927.jpg,0.99784994,40,70.0205
Image_2249.jpg,0.9968086,34,70.4135
Image_2495.jpg,0.9553359,55,73.4858
Image_2258.jpg,0.9925532,51,84.9886
Image_502.jpg,0.9969561,6,76.7231
Image_2288.jpg,0.9983107,16,73.9435
Image_2598.jpg,0.99878556,14,69.3435
Image_2697.jpg,0.9990256,46,69.4905
Image_47.jpg,0.9851902,58,76.2030
Image_2058.jpg,0.9968548,55,66.7530
Image_2153.jpg,0.75067765,34,85.4115
Image_2092.jpg,0.9921699,50,67.7465
Image_2409.jpg,0.99880016,73,75.4685
Image_518.jpg,0.99039865,21,67.2124
Image_2279.jpg,0.88017136,7,84.4193
Image_925.jpg,0.98468333,13,66.5551
Image_1001.jpg,0.99705184,61,76.3922
Image_676.jpg,0.9882316,46,76.5606
Image_2395.jpg,0.9081678,68,78.3694
Image_2528.jpg,0.96983904,64,66.6758
Image_108.jpg,0.98787457,49,77.4096
Image_1276.jpg,0.93323267,48,67.0492
Image_852.jpg,0.99666214,61,74.8633
Image_2426.jpg,0.9987503,30,70.8881
Image_1445.jpg,0.99847513,23,87.6150
Image_461.jpg,0.9986242,51,67.7858
Image_406.jpg,0.98822963,45,74.6713
Image_1564.jpg,0.9990079,57,68.0428
Image_1164.jpg,0.9941975,40,75.6827
Image_2117.jpg,0.94328374,33,67.6817
Image_1783.jpg,0.99566925,3,89.4471
Image_1215.jpg,0.9962566,61,70.3231
Image_1558.jpg,0.9993856,9,76.4895
Image_1706.jpg,0.9930977,5,66.9708
Image_1362.jpg,0.9765028,34,77.0258
Image_2063.jpg,0.99812716,53,68.2444
Image_103.jpg,0.9995227,12,110.0450
Image_615.jpg,0.9901271,13,75.1647
Image_2594.jpg,0.96162504,58,76.5551
Image_2469.jpg,0.9913051,47,66.2565
Image_62.jpg,0.9990163,67,78.9923
Image_937.jpg,0.60848236,2,67.9748
Image_1856.jpg,0.9559696,7,70.3081
Image_1823.jpg,0.99536693,41,70.5751
Image_732.jpg,0.9993051,20,85.9387
Image_2743.jpg,0.9770213,47,69.9899
Image_1028.jpg,0.9983936,9,74.2850
Image_255.jpg,0.97782063,57,67.3404
Image_1440.jpg,0.9902693,37,76.4336
Image_632.jpg,0.9910573,38,68.0868
Image_1383.jpg,0.9446303,38,83.5960
Image_639.jpg,0.65470797,8,66.9686
Image_450.jpg,0.99425054,65,71.7252
Image_614.jpg,0.9990772,70,66.2409
Image_158.jpg,0.99910176,62,74.5050
Image_2678.jpg,0.39675367,43,70.2290
Image_162.jpg,0.9907318,45,75.2323
Image_1095.jpg,0.9664346,16,76.6375
Image_1862.jpg,0.9902755,46,79.0469
Image_2202.jpg,0.99944097,32,67.7190
Image_991.jpg,0.9967534,65,69.7081
Image_2118.jpg,0.99349254,30,73.2847
Image_1599.jpg,0.9989303,40,69.2009
Image_724.jpg,0.99682945,47,76.1571
Image_914.jpg,0.94833875,38,84.8536
Image_1685.jpg,0.9962768,60,75.9512
Image_2260.jpg,0.2373178,46,80.1699
Image_1308.jpg,0.35388973,60,67.2014
Image_1807.jpg,0.9966918,24,75.6935
Image_1369.jpg,0.9813498,20,70.1622
Image_1772.jpg,0.9958475,11,85.4376
Image_2522.jpg,0.9989048,55,74.3750
Image_2179.jpg,0.9984471,26,96.0625
Image_1380.jpg,0.99745387,54,100.2472
Image_1635.jpg,0.9946142,50,74.0354
Image_2429.jpg,0.9990828,48,67.6729
Image_107.jpg,0.9958072,72,86.5223
Image_1017.jpg,0.9017955,19,70.3411
Image_1547.jpg,0.9954827,33,75.7379
Image_1701.jpg,0.9969043,60,66.6398
Image_1131.jpg,0.99826556,61,70.5277
Image_431.jpg,0.996867,65,65.6953
Image_753.jpg,0.9983729,70,73.4936
Image_879.jpg,0.9998018,32,78.9021
Image_114.jpg,0.97806346,57,81.1151
Image_1900.jpg,0.99432653,26,67.6998
Image_1368.jpg,0.9897626,7,78.8897
Image_1774.jpg,0.9942846,62,66.8477
Image_2605.jpg,0.98945856,0,77.4179
Image_189.jpg,0.87776494,48,67.4922
Image_2312.jpg,0.9269812,58,80.4862
Image_2268.jpg,0.9966084,62,68.2168
Image_2753.jpg,0.8240725,61,78.6956
Image_1707.jpg,0.9841728,47,65.9160
Image_2005.jpg,0.999838,2,78.3408
Image_1641.jpg,0.99684745,59,86.1293
Image_2733.jpg,0.9716483,21,77.7318
Image_2167.jpg,0.99913174,24,77.3729
Image_1415.jpg,0.99663144,46,76.4745
Image_221.jpg,0.8645651,15,67.2801
Image_2400.jpg,0.40401945,17,76.7366
Image_1234.jpg,0.9995309,18,67.5739
Image_2454.jpg,0.9984332,29,81.4702
Image_2345.jpg,0.9882487,54,81.7667
Image_243.jpg,0.98492545,45,84.9575
Image_1670.jpg,0.827632,8,68.3759
Image_2152.jpg,0.99693465,61,73.8810
Image_1775.jpg,0.9935934,23,67.1012
Image_2134.jpg,0.9683092,19,76.3521
Image_824.jpg,0.99341595,14,69.5658
Image_2077.jpg,0.99052423,35,79.9485
Image_207.jpg,0.9983255,2,68.3643
Image_1307.jpg,0.99796945,28,77.2916
Image_1548.jpg,0.99903214,35,67.2753
Image_348.jpg,0.9992003,40,78.2209
Image_2243.jpg,0.99901974,73,67.1724
Image_2144.jpg,0.9724592,21,77.2547
Image_2532.jpg,0.9448933,42,78.2057
Image_2714.jpg,0.98388827,61,79.4973
Image_462.jpg,0.99758816,7,67.9643
Image_513.jpg,0.94603884,16,74.6451
Image_1313.jpg,0.9982665,25,70.5467
Image_2591.jpg,0.99277943,57,68.4103
Image_1014.jpg,0.98789424,45,82.3875
Image_132.jpg,0.9996878,9,72.4939
Image_1874.jpg,0.9953685,7,82.9589
Image_148.jpg,0.91139716,44,70.2514
Image_2287.jpg,0.99615234,0,74.6870
Image_1194.jpg,0.9993362,9,67.5840
Image_68.jpg,0.99302727,51,82.0062
Image_630.jpg,0.9760967,64,87.4082
Image_247.jpg,0.9971955,56,70.0767
Image_2707.jpg,0.99708027,63,69.5503
Image_573.jpg,0.9940376,65,73.4537
Image_2239.jpg,0.99219173,64,70.5394
Image_1283.jpg,0.9994954,9,76.8299
Image_2708.jpg,0.9980983,1,66.3788
Image_2365.jpg,0.99647033,37,79.9307
Image_2540.jpg,0.9989818,29,69.2821
Image_277.jpg,0.9895795,34,80.1935
Image_2307.jpg,0.99406415,69,67.5946
Image_1638.jpg,0.99961627,62,76.5816
Image_387.jpg,0.9976687,47,67.6799
Image_1781.jpg,0.99864835,5,74.7540
Image_996.jpg,0.9877694,64,76.9188
Image_425.jpg,0.99940217,9,76.7745
Image_547.jpg,0.9985044,2,67.1893
Image_1386.jpg,0.9816004,51,71.6625
Image_1185.jpg,0.5156137,3,68.9568
Image_228.jpg,0.98173034,69,74.8140
Image_1220.jpg,0.96975434,68,72.3479
Image_2549.jpg,0.9962597,47,85.0921
Image_2095.jpg,0.99107414,47,68.2694
Image_2727.jpg,0.893765,18,77.0395
Image_1151.jpg,0.9998486,18,68.1756
Image_2585.jpg,0.99862206,2,77.3904
Image_2471.jpg,0.9810739,29,87.1542
Image_1221.jpg,0.9969531,4,111.4718
Image_192.jpg,0.6818246,8,70.8661
Image_11.jpg,0.9989219,1,74.4271
Image_308.jpg,0.9923018,5,68.9433
Image_1500.jpg,0.9983827,25,77.1960
Image_2245.jpg,0.9833082,31,67.5535
Image_2776.jpg,0.99213624,12,88.6576
Image_399.jpg,0.9984301,6,76.2268
Image_1610.jpg,0.9590053,5,78.0759
Image_274.jpg,0.9962333,16,72.0246
Image_449.jpg,0.9985668,14,73.9831
Image_642.jpg,0.9656375,35,66.6920
Image_877.jpg,0.9993181,24,76.7340
Image_1583.jpg,0.9997862,43,76.4713
Image_1029.jpg,0.9981462,11,76.2565
Image_1174.jpg,0.4115817,55,67.4930
Image_2382.jpg,0.9941909,46,76.2191
Image_1370.jpg,0.99750465,18,69.5816
Image_1896.jpg,0.9751306,40,75.6690
Image_67.jpg,0.99477,29,67.4756
Image_1680.jpg,0.93878275,19,81.3406
Image_2155.jpg,0.9983936,40,68.0258
Image_1936.jpg,0.8270933,26,77.7506
Image_2019.jpg,0.9930193,27,69.7706
Image_1940.jpg,0.99913067,41,69.1031
Image_906.jpg,0.9944886,28,71.5221
Image_2520.jpg,0.73281056,49,104.9169
Image_2274.jpg,0.99580646,11,117.0745
Image_1683.jpg,0.8840469,68,99.9551
Image_394.jpg,0.97542566,46,102.6109
Image_73.jpg,0.9890309,48,103.2285
Image_1344.jpg,0.9626744,44,105.4577
Image_556.jpg,0.98742884,64,96.1183
Image_1228.jpg,0.7902823,16,79.6554
Image_1381.jpg,0.9963924,17,69.4413
Image_2213.jpg,0.9996145,9,69.9220
Image_1333.jpg,0.89128894,21,80.4889
Image_1668.jpg,0.93862456,16,82.6779
Image_315.jpg,0.99851125,25,71.2617
Image_1541.jpg,0.9972909,62,72.8694
Image_2700.jpg,0.9991278,67,72.3033
Image_2411.jpg,0.9835128,64,74.2687
Image_1261.jpg,0.99722785,45,73.9387
Image_182.jpg,0.99142283,59,71.2711
Image_1872.jpg,0.9861281,45,84.0022
Image_2360.jpg,0.91729766,66,76.1819
Image_439.jpg,0.99854916,23,77.1750
Image_2541.jpg,0.99647564,16,69.7539
Image_1620.jpg,0.79033434,31,74.5740
Image_905.jpg,0.9939773,45,71.0426
Image_317.jpg,0.97225034,38,74.2806
Image_1495.jpg,0.97125435,45,79.0407
Image_657.jpg,0.9947674,17,74.8975
Image_1004.jpg,0.99524057,45,71.0677
Image_1020.jpg,0.9200429,16,75.2996
Image_2653.jpg,0.99945384,28,71.0689
Image_1581.jpg,0.99466985,5,76.6649
Image_1736.jpg,0.99942964,9,75.3348
Image_1454.jpg,0.94299644,44,82.3474
Image_408.jpg,0.9982375,23,69.4475
Image_1762.jpg,0.9969772,46,74.0421
Image_1552.jpg,0.5298294,56,68.0047
Image_2552.jpg,0.99238974,42,75.4519
Image_2028.jpg,0.61887205,38,69.5983
Image_254.jpg,0.9916196,51,87.5070
Image_1745.jpg,0.96915036,68,75.4984
Image_469.jpg,0.9927718,17,77.4505
Image_2354.jpg,0.9971724,68,69.6132
Image_2692.jpg,0.9988696,10,76.0184
Image_1230.jpg,0.9920289,45,66.1759
Image_1365.jpg,0.9910783,24,78.7780
Image_1219.jpg,0.9989507,10,76.3499
Image_2222.jpg,0.9994972,62,78.8152
Image_146.jpg,0.95517784,57,66.3171
Image_1094.jpg,0.9996666,18,77.8148
Image_1186.jpg,0.8157479,35,67.7138
Image_304.jpg,0.9899121,0,79.9685
Image_306.jpg,0.99929273,62,74.3588
Image_1922.jpg,0.99982554,10,80.9067
Image_2474.jpg,0.8466672,56,66.6187
Image_2555.jpg,0.9992028,26,74.9766
Image_1717.jpg,0.98493934,50,65.8961
Image_759.jpg,0.99920505,7,75.9993
Image_957.jpg,0.96098,27,67.8155
Image_2468.jpg,0.99061906,27,88.0259
Image_89.jpg,0.9955538,1,69.2335
Image_1572.jpg,0.9980585,67,72.9834
Image_2576.jpg,0.99933714,68,69.3437
Image_491.jpg,0.99944717,14,76.9427
Image_2556.jpg,0.99923825,57,67.7026
Image_2507.jpg,0.9962041,34,72.1658
Image_728.jpg,0.99621445,64,76.3670
Image_2646.jpg,0.98133975,58,73.3658
Image_2457.jpg,0.9945616,58,67.7835
Image_434.jpg,0.99960834,56,76.4322
Image_466.jpg,0.9990553,71,67.8813
Image_856.jpg,0.99796283,73,76.2693
Image_2620.jpg,0.9891072,3,66.2609
Image_2420.jpg,0.9888637,38,90.0497
Image_1397.jpg,0.99198145,16,67.5769
Image_1097.jpg,0.99635386,16,76.7041
Image_1066.jpg,0.8549526,55,68.7307
Image_1534.jpg,0.9989071,63,69.3416
Image_1643.jpg,0.99963236,41,82.9634
Image_2205.jpg,0.9676501,21,77.1678
Image_1853.jpg,0.99310535,42,74.6365
Image_1132.jpg,0.99465126,17,78.5924
Image_602.jpg,0.75427127,72,73.2940
Image_2000.jpg,0.99961215,43,80.7018
Image_1472.jpg,0.9922259,17,98.7362
Image_407.jpg,0.95196587,36,109.2690
Image_2079.jpg,0.9968208,33,124.6316
Image_1751.jpg,0.9949326,5,114.2807
Image_350.jpg,0.95041126,19,130.0766
Image_2067.jpg,0.9867666,15,117.2977
Image_871.jpg,0.96869904,22,82.6278
Image_2313.jpg,0.94662327,11,67.3139
Image_1210.jpg,0.99703074,17,75.6592
Image_2775.jpg,0.9908206,21,66.6867
Image_1734.jpg,0.9656109,43,78.1781
Image_987.jpg,0.993064,72,81.5040
Image_523.jpg,0.9890967,10,80.4232
Image_437.jpg,0.8288722,40,66.6162
Image_2600.jpg,0.93977803,6,75.9892
Image_2713.jpg,0.9907986,29,70.0047
Image_1732.jpg,0.99733424,5,70.9896
Image_2519.jpg,0.99145985,45,68.0113
Image_2017.jpg,0.9979766,60,81.5900
Image_1359.jpg,0.9987023,26,77.0849
Image_1925.jpg,0.9989003,38,81.3194
Image_2636.jpg,0.7404301,68,78.9972
Image_2269.jpg,0.9965995,35,70.9389
Image_2413.jpg,0.9438788,4,68.4535
Image_44.jpg,0.9884969,13,73.4278
Image_585.jpg,0.9936544,63,67.3089
Image_890.jpg,0.9999956,22,83.4166
Image_1867.jpg,0.9964982,0,70.6863
Image_2736.jpg,0.9581789,50,76.8964
Image_1432.jpg,0.92240626,64,67.4151
Image_876.jpg,0.9925001,16,68.1584
Image_1876.jpg,0.9977336,74,74.8889
Image_259.jpg,0.997447,61,83.3839
Image_309.jpg,0.9851482,65,69.6843
Image_2275.jpg,0.5865547,9,74.0950
Image_916.jpg,0.9823646,14,74.1319
Image_1653.jpg,0.99756,63,70.4325
Image_1312.jpg,0.9932439,57,74.3714
Image_2168.jpg,0.94455236,23,69.4461
Image_2440.jpg,0.9982066,14,87.8998
Image_2265.jpg,0.9961675,6,79.2240
Image_314.jpg,0.9978198,6,68.6487
Image_1356.jpg,0.9989385,18,68.0712
Image_1951.jpg,0.9972549,17,73.2532
Image_748.jpg,0.5338064,17,69.2573
Image_2040.jpg,0.9983317,54,75.3606
Image_2009.jpg,0.9965269,24,74.5779
Image_1341.jpg,0.98519343,64,79.6352
Image_2244.jpg,0.9528219,13,67.1786
Image_622.jpg,0.99947935,12,76.6308
Image_155.jpg,0.9985983,12,66.5752
Image_1329.jpg,0.98587716,20,76.4727
Image_268.jpg,0.9898863,20,66.8546
Image_1831.jpg,0.95946455,66,73.4988
Image_616.jpg,0.99751747,6,70.4060
Image_87.jpg,0.999173,26,78.6138
Image_2069.jpg,0.95526546,69,69.6397
Image_126.jpg,0.9977465,74,82.0903
Image_2251.jpg,0.9981042,7,84.6829
Image_2131.jpg,0.99953115,54,86.4645
Image_1287.jpg,0.99612975,52,66.7056
Image_2460.jpg,0.9994948,45,75.4526
Image_2297.jpg,0.99886155,29,66.6220
Image_1278.jpg,0.9996239,41,77.6615
Image_2631.jpg,0.99923086,9,67.2759
Image_2284.jpg,0.99939895,37,72.5362
Image_787.jpg,0.9994165,43,73.2064
Image_354.jpg,0.9721181,52,76.1483
Image_2588.jpg,0.9985116,16,69.3921
Image_1907.jpg,0.7203192,21,81.0011
Image_2185.jpg,0.9635145,28,67.8805
Image_1488.jpg,0.9976113,3,75.7743
Image_1248.jpg,0.7580644,64,67.3096
Image_1335.jpg,0.9986241,62,78.2734
Image_2711.jpg,0.9994404,61,69.0183
Image_2362.jpg,0.99559927,69,82.7922
Image_288.jpg,0.9923224,68,69.0193
Image_903.jpg,0.99572575,61,75.3977
Image_2747.jpg,0.9969983,47,66.0565
Image_1166.jpg,0.99874026,17,76.0244
Image_471.jpg,0.8541625,56,78.9672
Image_1384.jpg,0.9971419,32,78.5672
Image_1258.jpg,0.5151208,31,67.3321
Image_2089.jpg,0.9912935,29,70.8336
Image_540.jpg,0.9966217,30,75.2720
Image_840.jpg,0.9950658,42,70.6031
Image_485.jpg,0.9861524,4,74.2967
Image_1981.jpg,0.99887234,24,79.0263
Image_1120.jpg,0.9995602,70,73.8330
Image_2011.jpg,0.99951255,56,76.2794
Image_1966.jpg,0.9983011,61,67.4326
Image_2722.jpg,0.9942932,61,68.5180
Image_2424.jpg,0.9957321,3,73.8340
Image_2163.jpg,0.9637842,6,80.8799
Image_1813.jpg,0.9854079,45,75.1585
Image_453.jpg,0.9971795,23,71.6026
Image_978.jpg,0.99864036,26,79.6742
Image_528.jpg,0.99398464,11,71.4893
Image_1217.jpg,0.9874113,37,74.9923
Image_2075.jpg,0.93782234,39,69.6074
Image_2490.jpg,0.9979188,14,79.8143
Image_1738.jpg,0.96617424,33,67.1580
Image_82.jpg,0.9992718,67,75.6782
Image_813.jpg,0.99789643,28,67.5135
Image_2724.jpg,0.78971297,12,74.1201
Image_2381.jpg,0.96138895,41,66.7455
Image_165.jpg,0.99612963,0,76.6252
Image_1109.jpg,0.9992355,65,80.4239
Image_312.jpg,0.75197905,35,76.0312
Image_1394.jpg,0.99703574,35,69.6092
Image_928.jpg,0.99662787,65,71.2971
Image_2651.jpg,0.48953995,27,66.7327
Image_2267.jpg,0.9991198,32,80.1068
Image_1466.jpg,0.99926776,23,66.8648
Image_669.jpg,0.98249984,17,87.6201
Image_2129.jpg,0.9996774,10,71.2288
Image_2423.jpg,0.9989931,12,78.8487
Image_1721.jpg,0.3493529,25,67.1462
Image_1750.jpg,0.99848574,40,76.2817
Image_1227.jpg,0.99702066,32,66.4171
Image_1843.jpg,0.99830294,67,81.2865
Image_301.jpg,0.9821216,17,74.0217
Image_706.jpg,0.99303883,24,76.9493
Image_84.jpg,0.9995364,50,67.0042
Image_661.jpg,0.98971236,46,70.9979
Image_2025.jpg,0.9995123,30,74.8964
Image_891.jpg,0.9996885,23,77.3806
Image_1980.jpg,0.99755484,7,76.0387
Image_2657.jpg,0.992136,22,79.8521
Image_1647.jpg,0.9997317,37,67.9172
Image_2333.jpg,0.9985714,65,76.0554
Image_659.jpg,0.9981034,24,67.0498
Image_1844.jpg,0.9247814,64,69.7037
Image_2431.jpg,0.99813604,62,74.5998
Image_294.jpg,0.9136009,27,79.5341
Image_2712.jpg,0.99211043,57,75.0076
Image_1006.jpg,0.9969393,34,85.7283
Image_2565.jpg,0.9991221,43,67.2805
Image_2422.jpg,0.9931599,0,77.1011
Image_2.jpg,0.99845207,24,69.1042
Image_952.jpg,0.9685957,53,80.0451
Image_621.jpg,0.9933739,36,76.8447
Image_64.jpg,0.9984706,29,77.3463
Image_830.jpg,0.6025304,33,66.7689
Image_887.jpg,0.99782014,25,77.6947
Image_2262.jpg,0.7619698,8,73.9802
Image_2064.jpg,0.9982534,39,77.9580
Image_1821.jpg,0.81137764,39,77.9834
Image_1025.jpg,0.99870574,50,79.5670
Image_990.jpg,0.9520633,7,68.2509
Image_715.jpg,0.99507576,50,69.4959
Image_965.jpg,0.9820889,60,73.1739
Image_570.jpg,0.9640858,69,71.9846
Image_825.jpg,0.99909604,53,73.9360
Image_1441.jpg,0.9373102,14,76.4675
Image_283.jpg,0.99941194,10,75.1347
Image_116.jpg,0.9979206,67,72.6108
Image_1669.jpg,0.99589044,16,79.9128
Image_1125.jpg,0.99794954,37,71.4301
Image_2388.jpg,0.98749125,66,72.9663
Image_94.jpg,0.9988028,23,71.0862
Image_884.jpg,0.99448353,34,78.1634
Image_1399.jpg,0.46094126,32,68.3309
Image_1165.jpg,0.99991584,22,75.0900
Image_1416.jpg,0.9842216,60,68.4653
Image_1618.jpg,0.990324,38,74.7290
Image_980.jpg,0.9979183,35,65.8404
Image_1606.jpg,0.9985373,74,91.3165
Image_764.jpg,0.9969392,4,101.1822
Image_2366.jpg,0.9967739,61,66.6969
Image_690.jpg,0.9986511,25,70.8127
Image_101.jpg,0.8607095,23,74.3551
Image_1908.jpg,0.9938168,29,68.8805
Image_403.jpg,0.9947524,37,75.6719
Image_2164.jpg,0.9930841,25,77.6269
Image_1829.jpg,0.99303037,29,74.1351
Image_684.jpg,0.99578816,20,70.3396
Image_2328.jpg,0.9939237,65,82.6498
Image_954.jpg,0.9924892,46,69.0149
Image_2158.jpg,0.9095394,25,75.6356
Image_451.jpg,0.70247364,68,67.2130
Image_780.jpg,0.9995578,18,86.7074
Image_1735.jpg,0.9938164,0,68.7838
Image_599.jpg,0.985852,3,77.9319
Image_826.jpg,0.9988951,43,67.1566
Image_1197.jpg,0.9963415,59,76.3039
Image_2013.jpg,0.9990546,71,66.9961
Image_1112.jpg,0.97003114,66,84.3287
Image_2417.jpg,0.9861645,5,73.1075
Image_170.jpg,0.98588574,68,79.7088
Image_1809.jpg,0.98859787,49,65.8146
Image_2119.jpg,0.9860328,47,76.6882
Image_2606.jpg,0.9990823,9,85.6495
Image_2342.jpg,0.9453272,4,82.5236
Image_2022.jpg,0.9997358,9,89.2849
Image_1543.jpg,0.99826777,7,67.7789
Image_541.jpg,0.9996737,9,74.4093
Image_1286.jpg,0.99936706,71,77.0691
Image_2188.jpg,0.98656684,1,77.4311
Image_2216.jpg,0.96391755,13,69.1003
Image_2419.jpg,0.93273455,27,75.0825
Image_2352.jpg,0.9778527,72,75.8225
Image_2641.jpg,0.99807715,1,103.2101
Image_627.jpg,0.997311,36,79.7980
Image_1474.jpg,0.99928814,29,75.1513
Image_2671.jpg,0.9964347,33,66.8387
Image_35.jpg,0.9848567,21,75.2755
Image_1305.jpg,0.9820265,62,78.5499
Image_2738.jpg,0.9960089,24,77.0156
Image_1509.jpg,0.8443537,25,67.8823
Image_1889.jpg,0.9998116,46,75.7144
Image_737.jpg,0.9946845,5,66.4111
Image_435.jpg,0.9989427,14,69.4771
Image_1820.jpg,0.9976578,58,73.5478
Image_2717.jpg,0.9962752,4,85.2630
Image_1996.jpg,0.9992267,32,67.6857
Image_329.jpg,0.97844666,53,76.5963
Image_200.jpg,0.9862645,73,74.2794
Image_2543.jpg,0.632421,13,76.9458
Image_874.jpg,0.9993498,10,67.3931
Image_2035.jpg,0.41034713,60,83.8758
Image_664.jpg,0.8683634,19,72.5366
Image_730.jpg,0.29525346,61,79.2528
Image_1237.jpg,0.9936799,45,66.9438
Image_2387.jpg,0.9927031,13,76.3293
Image_988.jpg,0.9946253,34,68.6138
Image_682.jpg,0.6166167,26,69.3076
Image_797.jpg,0.99000776,47,81.9982
Image_460.jpg,0.99146676,27,70.8316
Image_1975.jpg,0.9976318,51,73.8041
Image_133.jpg,0.8315776,49,67.8222
Image_2356.jpg,0.9272196,74,75.5934
Image_371.jpg,0.99993074,22,68.4554
Image_2502.jpg,0.9984251,0,77.7051
Image_284.jpg,0.99846506,55,82.4157
Image_1008.jpg,0.994046,46,75.2787
Image_36.jpg,0.9984193,36,68.2618
Image_968.jpg,0.99673295,63,82.1182
Image_562.jpg,0.99714226,40,66.4000
Image_1796.jpg,0.99019617,51,74.4874
Image_2524.jpg,0.9982755,33,70.7659
Image_1727.jpg,0.55689865,8,226.7143
Image_472.jpg,0.9991744,26,78.5412
Image_650.jpg,0.99945813,22,78.0411
Image_104.jpg,0.9872,40,73.8662
Image_1708.jpg,0.9976393,67,90.7777
Image_806.jpg,0.9915735,25,72.7287
Image_2508.jpg,0.99832505,21,71.8653
Image_943.jpg,0.973435,57,66.4153
Image_490.jpg,0.9910234,69,76.3480
Image_1760.jpg,0.9823742,5,67.2520
Image_2451.jpg,0.99219114,42,77.1903
Image_1773.jpg,0.978993,53,81.3228
Image_1314.jpg,0.9990777,40,76.3771
Image_477.jpg,0.84753686,0,67.4829
Image_2514.jpg,0.8102993,39,84.2366
Image_2681.jpg,0.99935275,33,67.2939
Image_1961.jpg,0.99450725,52,76.5534
Image_2165.jpg,0.9987231,3,70.8771
Image_675.jpg,0.832876,25,83.2272
Image_2314.jpg,0.99787724,36,66.2489
Image_231.jpg,0.99425876,33,75.8878
Image_1157.jpg,0.9761637,64,67.6692
Image_229.jpg,0.9987747,29,76.5096
Image_1223.jpg,0.9926893,33,67.6751
Image_1740.jpg,0.99061614,15,85.7747
Image_1549.jpg,0.99529356,59,68.8136
Image_2592.jpg,0.9994367,70,74.1348
Image_2184.jpg,0.987832,56,69.9386
Image_1646.jpg,0.7529783,43,76.2264
Image_2674.jpg,0.9961094,40,67.9248
Image_24.jpg,0.99308676,25,70.3816
Image_763.jpg,0.9986904,51,78.1610
Image_2720.jpg,0.98919743,1,72.5084
Image_264.jpg,0.8140109,44,69.5620
Image_1699.jpg,0.98671246,13,81.1671
Image_2512.jpg,0.9973304,71,67.5054
Image_1563.jpg,0.9953499,69,78.1493
Image_370.jpg,0.99648917,7,67.7782
Image_926.jpg,0.99281055,69,86.2705
Image_1438.jpg,0.98940605,7,67.3265
Image_2780.jpg,0.9990451,25,76.2715
Image_645.jpg,0.998478,29,69.5646
Image_2730.jpg,0.97892773,21,74.7022
Image_1214.jpg,0.8071919,44,68.4473
Image_1704.jpg,0.98220116,51,79.3896
Image_907.jpg,0.9160934,20,77.0829
Image_2047.jpg,0.9996012,23,79.2348
Image_119.jpg,0.983454,18,66.6825
Image_2667.jpg,0.42628083,13,71.0012
Image_1031.jpg,0.7388318,22,74.2993
Image_524.jpg,0.91008395,21,69.9375
Image_1240.jpg,0.99536395,31,85.4558
Image_707.jpg,0.99855727,70,69.9800
Image_1363.jpg,0.99835986,47,74.6463
Image_1402.jpg,0.9692694,25,78.3927
Image_2498.jpg,0.98245347,46,74.8060
Image_2670.jpg,0.999678,25,71.3690
Image_1897.jpg,0.9928726,64,73.4781
Image_2509.jpg,0.997364,67,83.4068
Image_709.jpg,0.99766695,25,67.4166
Image_2582.jpg,0.995509,22,68.0134
Image_2281.jpg,0.97916895,48,74.7609
Image_2161.jpg,0.99751955,52,69.7896
Image_1435.jpg,0.9983436,17,78.8072
Image_1875.jpg,0.9979944,1,66.5561
Image_504.jpg,0.9961377,17,79.5240
Image_1082.jpg,0.99529934,17,69.0774
Image_897.jpg,0.99627763,20,75.3842
Image_1059.jpg,0.99576217,36,67.5350
Image_1744.jpg,0.9987765,10,77.5773
Image_9.jpg,0.9898343,59,69.6617
Image_894.jpg,0.99982387,10,78.0551
Image_77.jpg,0.99425125,45,77.0624
Image_2568.jpg,0.99918455,73,77.8106
Image_393.jpg,0.9896259,28,66.8944
Image_2193.jpg,0.9957955,34,82.4316
Image_202.jpg,0.96791047,56,68.3921
Image_1513.jpg,0.7028378,38,78.1641
Image_71.jpg,0.91837215,48,77.5882
Image_293.jpg,0.9898291,17,80.3234
Image_2448.jpg,0.9935028,3,66.7854
Image_2286.jpg,0.9909566,13,73.4459
Image_1985.jpg,0.9980007,35,68.8685
Image_1761.jpg,0.9927579,69,70.7098
Image_1487.jpg,0.7668732,60,69.8215
Image_1102.jpg,0.99701405,54,79.9976
Image_131.jpg,0.9899831,12,70.5818
Image_2566.jpg,0.976944,24,77.0915
Image_795.jpg,0.99382246,3,67.4872
Image_1686.jpg,0.98944944,0,77.8357
Image_2441.jpg,0.99736893,29,66.8366
Image_1417.jpg,0.6781086,18,77.3230
Image_2317.jpg,0.23952445,47,74.2253
Image_2459.jpg,0.96990246,7,79.3781
Image_2710.jpg,0.99605894,21,73.4475
Image_2518.jpg,0.6729222,72,79.8246
Image_2407.jpg,0.99722195,21,67.4537
Image_1122.jpg,0.99858737,7,77.4288
Image_1537.jpg,0.99565864,47,73.9333
Image_441.jpg,0.98169935,1,82.9874
Image_1442.jpg,0.99962854,41,67.1269
Image_1873.jpg,0.99911875,67,76.9875
Image_2321.jpg,0.9809079,64,70.4260
Image_1502.jpg,0.9991036,29,76.1363
Image_2104.jpg,0.6927901,8,66.8521
Image_895.jpg,0.9645239,44,87.4203
Image_875.jpg,0.34624487,8,67.4544
Image_1881.jpg,0.9938693,39,76.2926
Image_1478.jpg,0.9907857,34,68.5297
Image_934.jpg,0.9892573,7,76.2111
Image_844.jpg,0.994201,3,68.6575
Image_2242.jpg,0.99887747,36,85.9455
Image_1161.jpg,0.9926375,36,80.3049
Image_237.jpg,0.98412263,68,78.8519
Image_2693.jpg,0.99825186,47,67.2673
Image_1838.jpg,0.93655336,69,73.6238
Image_95.jpg,0.9993876,71,76.7320
Image_693.jpg,0.9979971,34,79.8011
Image_983.jpg,0.99636734,54,70.0256
Image_1375.jpg,0.9991289,50,83.3708
Image_536.jpg,0.9979171,59,67.4968
Image_1145.jpg,0.99583,16,78.1586
Image_251.jpg,0.9983072,50,66.0956
Image_1301.jpg,0.9998017,71,76.6487
Image_899.jpg,0.9954204,24,71.3653
Image_2643.jpg,0.99923253,30,81.1969
Image_323.jpg,0.99808013,7,77.3840
Image_1603.jpg,0.9988135,57,81.7371
Image_580.jpg,0.9936603,28,70.7020
Image_701.jpg,0.9992478,28,80.2146
Image_2482.jpg,0.9461822,44,69.0109
Image_2264.jpg,0.99123317,4,78.9271
Image_179.jpg,0.98319685,52,78.9526
Image_401.jpg,0.9995974,18,79.6172
Image_1860.jpg,0.8040693,4,68.7671
Image_1393.jpg,0.9942384,11,81.8037
Image_14.jpg,0.9970475,45,67.3687
Image_1099.jpg,0.99960345,56,77.7872
Image_2458.jpg,0.99610573,51,78.9406
Image_137.jpg,0.99532735,35,77.0819
Image_2041.jpg,0.999553,18,67.5438
Image_374.jpg,0.9959418,34,73.8939
Image_380.jpg,0.9970373,5,72.4080
Image_65.jpg,0.98737156,56,76.1968
Image_1718.jpg,0.75688094,57,67.6900
Image_604.jpg,0.9992028,70,81.2841
Image_2614.jpg,0.99795866,3,73.9792
Image_761.jpg,0.99166965,72,78.6910
Image_454.jpg,0.5816224,66,69.2754
Image_582.jpg,0.5357958,66,76.1571
Image_142.jpg,0.9988495,62,71.5710
Image_1018.jpg,0.98749095,42,70.5631
Image_1053.jpg,0.99325126,68,75.8529
Image_788.jpg,0.99894994,56,70.6004
Image_581.jpg,0.9989648,40,70.9780
Image_486.jpg,0.999166,43,66.2868
Image_1885.jpg,0.9790748,68,81.0190
Image_269.jpg,0.9607005,13,65.9764
Image_193.jpg,0.9988772,16,78.8371
Image_995.jpg,0.99830794,61,77.5027
Image_2370.jpg,0.99769294,1,80.3369
Image_1681.jpg,0.9960269,45,67.8993
Image_1504.jpg,0.6765846,21,77.1893
Image_811.jpg,0.99767786,65,68.1434
Image_1105.jpg,0.9941374,36,75.1471
Image_324.jpg,0.8053098,65,74.3830
Image_1252.jpg,0.999121,67,83.2529
Image_1183.jpg,0.99302506,59,66.9718
Image_704.jpg,0.99817157,12,79.5381
Image_1463.jpg,0.99503183,5,66.7367
Image_1155.jpg,0.97138464,38,75.8998
Image_2410.jpg,0.98941225,69,70.4534
Image_1598.jpg,0.99870086,53,86.4082
Image_700.jpg,0.8260791,68,66.3438
Image_633.jpg,0.9992893,12,72.9280
Image_930.jpg,0.9988285,50,69.1365
Image_2626.jpg,0.9807488,69,75.0457
Image_1056.jpg,0.9910568,38,71.0121
Image_1373.jpg,0.9971528,36,74.1408
Image_1892.jpg,0.9991239,62,71.1562
Image_1649.jpg,0.9918691,15,79.1255
Image_1468.jpg,0.9615733,58,67.3548
Image_1702.jpg,0.8872299,26,74.5863
Image_563.jpg,0.99761885,4,69.0734
Image_475.jpg,0.988792,16,77.8260
Image_483.jpg,0.9854181,68,66.3250
Image_2289.jpg,0.99881554,62,88.7718
Image_362.jpg,0.9984906,20,68.1128
Image_1899.jpg,0.9420818,31,78.8397
Image_1799.jpg,0.99487865,64,67.8391
Image_912.jpg,0.9971493,2,76.3160
Image_2173.jpg,0.9955819,32,67.5978
Image_199.jpg,0.99903107,7,72.1405
Image_2230.jpg,0.9954976,23,80.7580
Image_2323.jpg,0.795323,27,70.9839
Image_792.jpg,0.9954862,57,76.4640
Image_908.jpg,0.99214923,18,72.2155
Image_2204.jpg,0.9845241,31,76.5081
Image_201.jpg,0.98427075,15,70.8014
Image_2517.jpg,0.9969241,63,86.5724
Image_1039.jpg,0.99574476,29,77.5856
Image_1033.jpg,0.63183516,42,68.5203
Image_183.jpg,0.9757175,27,70.0267
Image_1613.jpg,0.6422008,19,72.6375
Image_446.jpg,0.98944956,20,67.6339
Image_2384.jpg,0.9758245,72,76.7303
Image_1687.jpg,0.9980179,74,81.8924
Image_1419.jpg,0.99596643,5,75.1773
Image_1995.jpg,0.97100115,56,68.8732
Image_1510.jpg,0.99893326,57,73.6009
Image_253.jpg,0.99490213,40,66.6937
Image_2391.jpg,0.99733907,62,75.7412
Image_85.jpg,0.87424123,2,65.9522
Image_1660.jpg,0.9957587,49,83.0001
Image_1877.jpg,0.9971106,47,68.3657
Image_1330.jpg,0.4873827,15,81.3024
Image_1798.jpg,0.9985092,14,69.3394
Image_777.jpg,0.99875927,67,78.6604
Image_960.jpg,0.9404747,32,68.1086
Image_38.jpg,0.9726362,32,75.1423
Image_2367.jpg,0.979477,37,74.0776
Image_25.jpg,0.9985128,25,70.7288
Image_150.jpg,0.99745697,13,67.1415
Image_2687.jpg,0.99643254,10,78.8749
Image_102.jpg,0.99669075,26,66.5888
Image_160.jpg,0.9815036,6,76.8185
Image_1631.jpg,0.9984174,21,73.8505
Image_2235.jpg,0.98322356,69,85.2597
Image_1759.jpg,0.9979048,51,68.4943
Image_2090.jpg,0.9721715,59,80.3864
Image_542.jpg,0.9994467,28,68.0484
Image_1364.jpg,0.9863564,11,77.1610
Image_2669.jpg,0.991426,15,67.5049
Image_2668.jpg,0.9972012,47,79.5437
Image_1405.jpg,0.99742305,51,65.5880
Image_1632.jpg,0.9929402,20,77.8095
Image_574.jpg,0.9932058,27,66.6610
Image_2632.jpg,0.42083776,41,68.4112
Image_1300.jpg,0.9676769,44,75.3176
Image_203.jpg,0.998904,54,70.1378
Image_1203.jpg,0.9990657,43,86.2543
Image_248.jpg,0.9932289,17,77.9364
Image_1090.jpg,0.7006178,25,68.9522
Image_194.jpg,0.9986363,16,80.4953
Image_771.jpg,0.9984523,67,66.8828
Image_986.jpg,0.6917142,4,75.9978
Image_419.jpg,0.5391172,31,67.6842
Image_1303.jpg,0.99935776,30,91.2688
Image_896.jpg,0.9969957,63,68.3119
Image_2322.jpg,0.99611276,0,77.6874
Image_499.jpg,0.9991523,73,67.8049
Image_1209.jpg,0.9987961,26,72.8903
Image_576.jpg,0.96166915,16,72.3526
Image_2084.jpg,0.99570113,5,72.3478
Image_2301.jpg,0.99985003,9,82.8272
Image_1828.jpg,0.6028837,34,71.2925
Image_561.jpg,0.9923241,5,74.8266
Image_363.jpg,0.98044235,17,74.3994
Image_1968.jpg,0.9991535,41,76.9507
Image_340.jpg,0.9958027,5,68.3713
Image_1167.jpg,0.9545184,59,81.2917
Image_1842.jpg,0.98603004,27,67.5704
Image_1010.jpg,0.8830121,57,80.8995
Image_638.jpg,0.9991032,9,67.4114
Image_244.jpg,0.9707618,49,75.3498
Image_1078.jpg,0.99931574,12,67.4523
Image_1144.jpg,0.9981944,16,77.7777
Image_647.jpg,0.99845445,27,75.6328
Image_98.jpg,0.9941093,27,77.1941
Image_1064.jpg,0.9986695,57,67.5769
Image_2559.jpg,0.9978327,11,80.2929
Image_946.jpg,0.99228716,16,66.6811
Image_2663.jpg,0.9975169,40,92.3349
Image_1188.jpg,0.8867991,4,77.9510
Image_838.jpg,0.9993674,9,76.1543
Image_2428.jpg,0.9972817,20,69.1633
Image_2280.jpg,0.98612034,25,76.6493
Image_2020.jpg,0.9839041,64,64.7289
Image_1540.jpg,0.98788273,3,75.6585
Image_972.jpg,0.99939775,9,65.9135
Image_447.jpg,0.9753507,25,81.4999
Image_2758.jpg,0.7202684,20,73.7905
Image_2648.jpg,0.9942386,63,76.3158
Image_746.jpg,0.9961779,17,66.6590
Image_1777.jpg,0.9979467,48,70.8625
Image_2068.jpg,0.9934814,62,66.9628
Image_976.jpg,0.99551755,34,75.6804
Image_2082.jpg,0.9874371,34,77.5883
Image_1354.jpg,0.94176954,8,77.5929
Image_149.jpg,0.99086964,41,68.0773
Image_1098.jpg,0.9997806,12,76.2461
Image_100.jpg,0.99932206,57,66.8327
Image_256.jpg,0.8680472,44,74.6101
Image_1181.jpg,0.7888355,8,66.0669
Image_1923.jpg,0.9929055,40,86.4873
Image_2480.jpg,0.9934011,22,66.9748
Image_55.jpg,0.99879503,32,82.3397
Image_2061.jpg,0.9971807,40,77.4682
Image_1298.jpg,0.9990563,63,80.7733
Image_1652.jpg,0.9914848,71,67.0487
Image_1519.jpg,0.9988218,53,78.3875
Image_553.jpg,0.82559377,19,75.0843
Image_1429.jpg,0.9996315,30,77.4170
Image_1607.jpg,0.99597794,33,66.6137
Image_80.jpg,0.9807345,5,76.6219
Image_433.jpg,0.9956464,36,67.0129
Image_2051.jpg,0.9996259,9,77.9226
Image_1753.jpg,0.99024886,59,73.8704
Image_298.jpg,0.98509604,0,85.2335
Image_665.jpg,0.9979215,63,68.7422
Image_2488.jpg,0.112539634,20,76.6597
Image_1802.jpg,0.99984527,10,68.4039
Image_1392.jpg,0.979556,29,77.3963
Image_1912.jpg,0.9926502,57,67.5307
Image_2379.jpg,0.9976732,41,82.3165
Image_1657.jpg,0.99821377,59,67.5141
Image_1497.jpg,0.99954176,70,74.9041
Image_1596.jpg,0.9980692,30,71.0802
Image_1967.jpg,0.99687874,74,68.6945
Image_979.jpg,0.9992478,16,76.3546
Image_1032.jpg,0.9988477,7,69.3640
Image_2141.jpg,0.99764293,41,79.5133
Image_1058.jpg,0.9993038,25,65.5437
Image_381.jpg,0.9969838,58,76.7003
Image_1651.jpg,0.9697837,46,69.8813
Image_835.jpg,0.98153734,46,78.4599
Image_784.jpg,0.9984053,32,71.3259
Image_936.jpg,0.9974146,36,102.3270
Image_506.jpg,0.9992605,43,90.7173
Image_1452.jpg,0.99916315,25,65.6210
Image_1243.jpg,0.9735855,74,71.7234
Image_595.jpg,0.9982767,43,72.8889
Image_2389.jpg,0.99787474,28,70.9943
Image_1226.jpg,0.99728096,42,73.1093
Image_529.jpg,0.91311675,19,80.2029
Image_702.jpg,0.9991134,33,76.3427
Image_1146.jpg,0.54983336,38,73.1047
Image_531.jpg,0.9989127,4,75.0819
Image_457.jpg,0.7615804,13,74.1272
Image_1067.jpg,0.99881434,67,74.2562
Image_1594.jpg,0.95582384,44,73.4231
Image_2220.jpg,0.9895431,61,77.7855
Image_1784.jpg,0.8134616,60,71.0112
Image_2137.jpg,0.9932592,60,71.6845
Image_692.jpg,0.998757,74,68.7106
Image_680.jpg,0.99869424,63,76.6220
Image_1695.jpg,0.9504611,41,66.5314
Image_1163.jpg,0.9863247,45,78.8128
Image_2701.jpg,0.96137583,44,72.9737
Image_1590.jpg,0.99893814,42,78.1277
Image_1169.jpg,0.9399976,39,66.4948
Image_1154.jpg,0.9906819,15,76.9659
Image_776.jpg,0.98494023,32,66.5895
Image_2147.jpg,0.9997067,57,78.7037
Image_2533.jpg,0.937316,56,77.3179
Image_1091.jpg,0.9970395,36,78.1417
Image_1561.jpg,0.99967706,73,68.0768
Image_366.jpg,0.918009,25,77.0586
Image_1316.jpg,0.9992907,45,67.1602
Image_2627.jpg,0.9984841,26,80.5631
Image_1387.jpg,0.96269095,18,67.0274
Image_1135.jpg,0.95091534,60,82.8394
Image_2159.jpg,0.9990771,56,67.6117
Image_2484.jpg,0.99829155,74,101.5162
Image_2201.jpg,0.9965283,52,106.1402
Image_1395.jpg,0.9992235,32,69.4875
Image_2392.jpg,0.9726115,45,78.6453
Image_760.jpg,0.98861104,69,77.5162
Image_1656.jpg,0.98258483,66,78.7362
Image_958.jpg,0.9961965,23,66.7594
Image_975.jpg,0.9362384,12,76.8045
Image_412.jpg,0.9991948,12,67.4046
Image_1142.jpg,0.9797349,3,77.4768
Image_1861.jpg,0.9984078,53,69.2018
Image_543.jpg,0.9730415,72,87.7848
Image_1528.jpg,0.993786,68,68.8013
Image_1818.jpg,0.52846247,27,78.5089
Image_2325.jpg,0.998434,11,71.3436
Image_1353.jpg,0.7279891,47,77.4807
Image_1932.jpg,0.9912115,10,74.0001
Image_2334.jpg,0.9866263,2,82.4664
Image_222.jpg,0.9905482,5,67.4600
Image_654.jpg,0.9988164,6,77.4474
Image_239.jpg,0.86797655,4,67.0464
Image_2725.jpg,0.49423888,53,78.4839
Image_530.jpg,0.95989203,22,67.1188
Image_815.jpg,0.73506784,37,71.5577
Image_1503.jpg,0.9843046,59,78.0617
Image_2561.jpg,0.99854916,23,71.7900
Image_1047.jpg,0.9941632,54,73.9765
Image_332.jpg,0.9981535,70,68.6520
Image_2554.jpg,0.9934536,4,74.7374
Image_919.jpg,0.9859925,5,68.1172
Image_1998.jpg,0.99930525,37,73.3765
Image_442.jpg,0.9154996,44,77.0149
Image_2148.jpg,0.9986822,41,78.1004
Image_120.jpg,0.803179,68,69.5876
Image_1081.jpg,0.9982925,50,76.2594
Image_2621.jpg,0.6801597,59,67.5186
Image_2449.jpg,0.9970897,25,80.1134
Image_2014.jpg,0.9676032,25,69.6118
Image_41.jpg,0.99881613,39,78.9729
Image_289.jpg,0.97839725,64,69.7351
Image_1272.jpg,0.9941089,21,74.8447
Image_1847.jpg,0.99242604,17,68.9535
Image_368.jpg,0.9977894,41,75.9999
Image_2467.jpg,0.99143046,22,66.4533
Image_2414.jpg,0.9974552,50,78.3481
Image_1444.jpg,0.9999956,22,73.5494
Image_2691.jpg,0.99992573,32,79.0791
Image_955.jpg,0.9984956,32,67.6478
Image_2162.jpg,0.29489273,65,74.0281
Image_1691.jpg,0.9992619,26,68.5094
Image_2647.jpg,0.99911577,70,77.2151
Image_2259.jpg,0.99724823,20,77.1784
Image_951.jpg,0.99553454,45,75.3662
Image_1267.jpg,0.997233,42,67.9407
Image_1027.jpg,0.9568863,42,76.9447
Image_1250.jpg,0.8462223,15,69.6883
Image_2649.jpg,0.9890543,0,73.4194
Image_1664.jpg,0.9993771,71,72.7423
Image_286.jpg,0.9986595,68,86.4747
Image_1955.jpg,0.7765271,41,67.4186
Image_548.jpg,0.99196774,5,76.3732
Image_2755.jpg,0.9990344,26,66.7441
Image_786.jpg,0.928931,64,78.9960
Image_372.jpg,0.9908112,0,67.1842
Image_1640.jpg,0.9836051,72,69.9077
Image_1136.jpg,0.998214,71,84.5898
Image_2434.jpg,0.99628204,53,69.5210
Image_1200.jpg,0.9985507,74,75.9156
Image_1382.jpg,0.9829421,6,70.5882
Image_923.jpg,0.25758588,8,74.0746
Image_522.jpg,0.9968925,56,71.9898
Image_2779.jpg,0.98562014,14,79.7708
Image_2369.jpg,0.99727815,54,78.2939
Image_1346.jpg,0.9480581,47,73.9521
Image_2303.jpg,0.9963876,48,68.7636
Image_2311.jpg,0.79223263,7,78.6024
Image_1816.jpg,0.98603326,69,67.4977
Image_1810.jpg,0.9990916,12,83.3670
Image_718.jpg,0.985565,25,82.7746
Image_81.jpg,0.9994092,60,74.3068
Image_1009.jpg,0.99262494,30,79.1019
Image_2578.jpg,0.9937948,20,68.6790
Image_338.jpg,0.99737996,51,68.9554
Image_1115.jpg,0.99668354,14,78.7310
Image_973.jpg,0.99142504,59,129.9921
Image_1834.jpg,0.9953772,3,75.0362
Image_140.jpg,0.9958895,70,78.8600
Image_1621.jpg,0.9994025,40,67.0295
Image_2126.jpg,0.9962471,28,77.4545
Image_2276.jpg,0.997143,13,67.0973
Image_235.jpg,0.9985593,4,80.2844
Image_881.jpg,0.9950718,56,79.5039
Image_1499.jpg,0.9973755,14,78.5310
Image_1723.jpg,0.99623364,1,68.0659
Image_1338.jpg,0.9961532,51,78.8297
Image_1051.jpg,0.9996118,9,66.9565
Image_1427.jpg,0.99949574,65,75.6921
Image_1835.jpg,0.9993709,30,72.1756
Image_2656.jpg,0.9996176,18,80.2557
Image_2475.jpg,0.98917973,21,66.0042
Image_971.jpg,0.99419916,48,75.5179
Image_921.jpg,0.83846503,15,69.6569
Image_2505.jpg,0.6174494,8,70.2288
Image_1323.jpg,0.9984875,10,66.7638
Image_948.jpg,0.99844676,70,87.2829
Image_2545.jpg,0.99789494,52,67.5783
Image_2206.jpg,0.9971119,51,76.0677
Image_1106.jpg,0.9218738,15,66.3939
Image_2596.jpg,0.97701776,14,77.4566
Image_1637.jpg,0.7002953,68,67.4003
Image_1627.jpg,0.9993223,70,90.0924
Image_121.jpg,0.9986993,40,114.7025
Image_1926.jpg,0.9969618,65,123.1031
Image_1464.jpg,0.9655307,68,118.0243
Image_721.jpg,0.9983663,67,114.0473
Image_1176.jpg,0.88308305,44,113.2935
Image_2060.jpg,0.9961442,4,81.7009
Image_1403.jpg,0.8929999,11,70.3766
Image_1848.jpg,0.9979291,23,77.6046
Image_1041.jpg,0.99901366,2,71.6656
Image_214.jpg,0.955529,13,76.8255
Image_1202.jpg,0.99431276,3,72.7803
Image_719.jpg,0.9715076,8,79.6963
Image_872.jpg,0.9988907,24,72.8722
Image_252.jpg,0.99810886,17,73.6744
Image_2393.jpg,0.9350339,27,66.8466
Image_2629.jpg,0.99905914,25,75.9022
Image_854.jpg,0.9899311,68,66.9495
Image_726.jpg,0.9945246,6,83.9052
Image_2665.jpg,0.53954345,25,72.9721
Image_307.jpg,0.8254232,16,76.9928
Image_772.jpg,0.5723673,48,66.9491
Image_2664.jpg,0.9995346,23,76.0922
Image_20.jpg,0.98020524,21,66.6680
Image_578.jpg,0.9973418,62,83.3670
Image_819.jpg,0.9861509,60,76.2588
Image_1385.jpg,0.99041265,55,76.4070
Image_1871.jpg,0.690101,60,67.2845
Image_1343.jpg,0.9908693,25,75.7920
Image_695.jpg,0.99669003,34,69.9604
Image_1684.jpg,0.99424124,41,70.6265
Image_2212.jpg,0.9784631,35,69.4480
Image_941.jpg,0.99863106,41,74.6622
Image_2589.jpg,0.89388895,69,69.6350
Image_677.jpg,0.9873399,64,76.2884
Image_1671.jpg,0.9837225,5,68.8329
Image_2150.jpg,0.9847268,13,78.1742
Image_2583.jpg,0.99687374,6,69.6198
Image_2608.jpg,0.99435765,74,79.2537
Image_392.jpg,0.98012125,59,79.3629
Image_1175.jpg,0.97147375,22,77.0186
Image_864.jpg,0.9947566,45,69.3674
Image_1119.jpg,0.9683373,40,76.9279
Image_839.jpg,0.9927226,55,67.5953
Image_1593.jpg,0.7507723,66,74.8732
Image_935.jpg,0.5833962,38,86.2194
Image_886.jpg,0.9984012,60,82.8767
Image_827.jpg,0.99983895,2,66.8588
Image_1304.jpg,0.99850607,9,75.2696
Image_2473.jpg,0.2058767,11,67.5340
Image_612.jpg,0.9940485,63,77.4601
Image_2052.jpg,0.98367345,48,67.3915
Image_1661.jpg,0.9989613,17,86.3851
Image_2723.jpg,0.99886525,28,67.9976
Image_2191.jpg,0.98334694,58,77.1196
Image_2001.jpg,0.99758387,17,66.6922
Image_1988.jpg,0.99926275,10,79.6054
Image_607.jpg,0.99772054,0,68.2606
Image_213.jpg,0.9997975,43,77.2968
Image_2107.jpg,0.9938117,68,79.3792
Image_1114.jpg,0.98541796,63,77.8387
Image_1879.jpg,0.99557734,4,69.2563
Image_96.jpg,0.99751484,6,78.5053
Image_360.jpg,0.7943429,8,67.4481
Image_1451.jpg,0.9503957,4,72.8182
Image_768.jpg,0.9991303,43,89.6407
Image_1498.jpg,0.816677,23,77.6847
Image_1845.jpg,0.99855584,3,67.6050
Image_1324.jpg,0.99872845,5,71.0661
Image_2157.jpg,0.9981445,63,71.6080
Image_1536.jpg,0.98385,52,70.1904
Image_686.jpg,0.9896797,46,73.2469
Image_836.jpg,0.89106214,4,79.2393
Image_2266.jpg,0.97777265,19,74.1758
Image_1073.jpg,0.9128998,20,74.5959
Image_749.jpg,0.99255216,68,70.2981
Image_1678.jpg,0.99385965,1,68.8535
Image_687.jpg,0.99556255,65,79.0831
Image_2685.jpg,0.999509,23,67.3030
Image_1622.jpg,0.9964562,2,77.2141
Image_534.jpg,0.99854434,23,68.8060
Image_1965.jpg,0.99685425,70,76.9579
Image_1030.jpg,0.95972884,20,67.6703
Image_1780.jpg,0.9957337,26,80.7949
Image_751.jpg,0.99806875,3,68.2006
Image_2160.jpg,0.9777803,41,75.1419
Image_1913.jpg,0.9862243,50,82.1150
Image_267.jpg,0.98659617,57,81.1356
Image_2396.jpg,0.99674207,6,66.3018
Image_1953.jpg,0.9992557,22,81.5943
Image_1962.jpg,0.9949955,47,69.5968
Image_1046.jpg,0.9953472,25,77.4992
Image_2057.jpg,0.9570088,35,71.1939
Image_400.jpg,0.97401524,66,82.4196
Image_1617.jpg,0.9914157,53,67.2316
Image_1121.jpg,0.99951196,52,75.4840
Image_59.jpg,0.9877808,20,67.2625
Image_5.jpg,0.9952179,43,75.3621
Image_818.jpg,0.99916136,57,67.3956
Image_236.jpg,0.99847656,50,80.9152
Image_589.jpg,0.99766326,1,68.3979
Image_2208.jpg,0.97633624,42,73.1011
Image_226.jpg,0.9973002,1,68.8462
Image_242.jpg,0.99640995,39,76.1921
Image_2574.jpg,0.949587,15,66.4196
Image_1609.jpg,0.976833,12,79.6242
Image_1339.jpg,0.9983719,67,75.5823
Image_660.jpg,0.9972687,29,76.7662
Image_2257.jpg,0.9965036,48,67.4853
Image_260.jpg,0.9983584,10,77.5825
Image_689.jpg,0.99428564,34,70.8706
Image_2398.jpg,0.89029896,57,69.6331
Image_1315.jpg,0.98626745,72,71.4286
Image_2644.jpg,0.99696225,26,86.8071
Image_2492.jpg,0.99963665,30,68.0807
Image_2623.jpg,0.99752706,42,77.6782
Image_2560.jpg,0.92090994,25,68.6782
Image_1573.jpg,0.99581146,54,76.8308
Image_351.jpg,0.9980798,3,93.2438
Image_1934.jpg,0.50069606,18,89.3107
Image_1225.jpg,0.9932352,51,67.2961
Image_2169.jpg,0.9949734,59,75.1048
Image_1882.jpg,0.9982418,29,67.7846
Image_2567.jpg,0.99988914,65,76.4855
Image_2618.jpg,0.9951284,1,66.5833
Image_705.jpg,0.9985108,49,80.8595
Image_173.jpg,0.9906008,20,81.4294
Image_653.jpg,0.9995709,23,76.0378
Image_1201.jpg,0.9979582,70,68.4412
Image_812.jpg,0.9836129,21,78.6554
Image_147.jpg,0.9863027,15,67.9896
Image_390.jpg,0.997013,74,77.8577
Image_848.jpg,0.99683726,46,67.4554
Image_2770.jpg,0.9976705,47,86.2680
Image_2099.jpg,0.9968443,20,68.9253
Image_1259.jpg,0.9992279,53,76.0492
Image_1291.jpg,0.9979954,40,65.9988
Image_597.jpg,0.98692524,64,68.5891
Image_187.jpg,0.9783788,64,74.2761
Image_163.jpg,0.50773054,35,74.0530
Image_495.jpg,0.9879461,55,75.4347
Image_1367.jpg,0.79422075,52,72.1982
Image_1837.jpg,0.99730575,3,78.2530
Image_136.jpg,0.99930763,10,81.1270
Image_1959.jpg,0.9990822,5,68.1558
Image_1952.jpg,0.9989028,54,70.4517
Image_217.jpg,0.9944208,53,88.3056
Image_1349.jpg,0.97661746,63,72.1941
Image_1841.jpg,0.985487,31,76.9238
Image_2270.jpg,0.99011713,20,72.9677
Image_1013.jpg,0.99000764,46,72.8840
Image_1063.jpg,0.99273735,34,66.8662
Image_1630.jpg,0.99051064,5,78.1004
Image_4.jpg,0.99949706,36,85.0191
Image_579.jpg,0.9978091,72,72.2524
Image_285.jpg,0.99247473,0,71.7532
Image_596.jpg,0.9899873,57,73.0096
Image_157.jpg,0.9995596,33,66.9915
Image_1869.jpg,0.99776185,60,78.3914
Image_204.jpg,0.5033967,38,69.3638
Image_902.jpg,0.9985397,53,85.0369
Image_153.jpg,0.89964765,38,68.9790
Image_1938.jpg,0.9700954,19,76.5152
Image_1113.jpg,0.9970687,50,66.6629
Image_809.jpg,0.9362791,49,74.9568
Image_291.jpg,0.9172457,44,65.1872
Image_2049.jpg,0.99397296,49,84.2213
Image_1858.jpg,0.9989003,30,76.2401
Image_2056.jpg,0.93852216,13,78.8778
Image_1074.jpg,0.9899699,60,65.9526
Image_110.jpg,0.9971986,24,79.2511
Image_2227.jpg,0.98790574,58,68.7594
Image_375.jpg,0.9626472,66,71.7317
Image_2296.jpg,0.9955751,45,76.6676
Image_866.jpg,0.9990107,69,79.3490
Image_1648.jpg,0.99755234,7,66.8569
Image_2207.jpg,0.99549556,50,68.9813
Image_1469.jpg,0.9935002,5,66.6196
Image_873.jpg,0.894261,20,76.7808
Image_2143.jpg,0.9933252,34,68.5912
Image_1065.jpg,0.99358106,45,81.4523
Image_667.jpg,0.8929815,21,70.1605
Image_1318.jpg,0.9942257,52,78.3720
Image_2412.jpg,0.9982509,29,67.6216
Image_992.jpg,0.94073063,19,75.1928
Image_2673.jpg,0.9944043,35,66.3898
Image_527.jpg,0.99609476,36,75.7083
Image_2445.jpg,0.9979019,10,76.9993
Image_1296.jpg,0.9899304,53,78.0711
Image_863.jpg,0.4865326,22,67.1216
Image_240.jpg,0.9969881,67,71.2099
Image_1425.jpg,0.9994135,12,78.9098
Image_56.jpg,0.9960382,3,71.3085
Image_1077.jpg,0.99811494,73,79.2255
Image_567.jpg,0.9992229,24,74.5490
Image_1815.jpg,0.9976857,52,74.6650
Image_2675.jpg,0.99906665,49,71.0434
Image_640.jpg,0.99893814,42,76.4548
Image_1378.jpg,0.962505,27,70.8976
Image_1555.jpg,0.99988616,42,73.8377
Image_2304.jpg,0.76612276,8,78.6083
Image_1281.jpg,0.9840513,36,81.7628
Image_275.jpg,0.9990615,56,78.0807
Image_766.jpg,0.45469737,43,67.2038
Image_290.jpg,0.9860917,40,70.0298
Image_93.jpg,0.978451,0,73.9367
Image_2132.jpg,0.9985055,32,69.0348
Image_617.jpg,0.99858034,42,91.7233
Image_2124.jpg,0.9922442,38,69.9499
Image_2111.jpg,0.9101059,60,73.1943
Image_464.jpg,0.7673291,8,69.4544
Image_1941.jpg,0.89543915,21,72.6240
Image_2491.jpg,0.9565819,34,66.9600
Image_1997.jpg,0.99915326,70,76.3480
Image_272.jpg,0.996986,51,75.9138
Image_1277.jpg,0.9995048,10,77.1530
Image_1551.jpg,0.9868329,58,67.0025
Image_2481.jpg,0.9965699,47,76.0769
Image_1891.jpg,0.98972255,63,67.3787
Image_1292.jpg,0.9945973,41,75.3397
Image_481.jpg,0.99926704,32,71.1501
Image_1714.jpg,0.9995221,10,76.2667
Image_1471.jpg,0.99730444,63,68.9702
Image_2615.jpg,0.9951048,37,76.6795
Image_2581.jpg,0.99826056,37,67.6008
Image_683.jpg,0.99718106,52,74.7257
Image_868.jpg,0.9981159,65,69.8502
Image_1927.jpg,0.99391323,11,87.4764
Image_1933.jpg,0.9975757,67,73.7341
Image_376.jpg,0.9875728,45,71.2070
Image_459.jpg,0.982216,69,67.4153
Image_2031.jpg,0.4881582,41,78.3321
Image_1507.jpg,0.9924481,13,67.9213
Image_2039.jpg,0.98618186,6,75.4208
Image_145.jpg,0.97580564,44,80.4029
Image_2575.jpg,0.99830496,46,78.8796
Image_2349.jpg,0.99765414,38,69.2803
Image_1160.jpg,0.98149174,38,76.5508
Image_177.jpg,0.9578963,64,67.0707
Image_1515.jpg,0.69082797,6,71.1079
Image_1271.jpg,0.8846702,66,73.9782
Image_1168.jpg,0.9763678,64,88.5142
Image_962.jpg,0.98783445,24,67.4815
Image_2584.jpg,0.9948296,13,78.8543
Image_438.jpg,0.8179501,44,68.4229
Image_1458.jpg,0.7672138,13,76.6969
Image_2640.jpg,0.9516268,26,68.0193
Image_1496.jpg,0.9992692,23,73.5587
Image_909.jpg,0.98243296,45,85.7158
Image_1950.jpg,0.99286497,46,76.1386
Image_710.jpg,0.9967765,63,71.1131
Image_1182.jpg,0.99899334,26,76.6712
Image_1530.jpg,0.418456,66,70.7968
Image_327.jpg,0.99858224,43,77.2386
Image_2018.jpg,0.9858435,35,106.2432
Image_1485.jpg,0.852772,34,73.4283
Image_2340.jpg,0.9964977,64,67.7191
Image_1698.jpg,0.99607927,11,75.9302
Image_2603.jpg,0.6672019,32,67.5234
Image_1297.jpg,0.74589723,31,75.5830
Image_803.jpg,0.9912916,58,67.9973
Image_2010.jpg,0.9960592,12,87.1861
Image_2171.jpg,0.99441284,73,69.0589
Image_2706.jpg,0.9999926,22,77.1187
Image_920.jpg,0.98277897,27,67.6584
Image_1179.jpg,0.9988618,62,77.1944
Image_1903.jpg,0.9966666,24,67.4760
Image_2729.jpg,0.9546419,13,83.0840
Image_484.jpg,0.99658406,5,75.4323
Image_185.jpg,0.99970204,22,77.4616
Image_1836.jpg,0.9889987,15,66.6888
Image_2346.jpg,0.9315367,27,77.4006
Image_422.jpg,0.8415267,8,66.9672
Image_603.jpg,0.8051363,55,76.2648
Image_608.jpg,0.98759615,44,78.5826
Image_2376.jpg,0.85683,56,80.4061
Image_694.jpg,0.9825187,6,70.2277
Image_2102.jpg,0.9775009,22,73.6817
Image_1311.jpg,0.9979517,32,71.2508
Image_2371.jpg,0.96677244,28,74.7233
Image_342.jpg,0.952673,44,71.2643
Image_2716.jpg,0.98685616,68,90.7295
Image_2544.jpg,0.99952424,25,69.3676
Image_410.jpg,0.99281,34,72.9477
Image_1993.jpg,0.9957962,54,73.0888
Image_171.jpg,0.58999676,26,71.7567
Image_1674.jpg,0.99384177,58,75.2824
Image_1979.jpg,0.9979013,0,84.5168
Image_1846.jpg,0.99973804,70,80.1719
Image_2054.jpg,0.9967945,29,102.0069
Image_223.jpg,0.99896896,12,75.9867
Image_66.jpg,0.99934036,18,77.5995
Image_2536.jpg,0.94812167,44,66.5205
Image_467.jpg,0.9702461,64,75.8533
Image_2768.jpg,0.9947372,50,76.7263
Image_1779.jpg,0.9948533,49,72.7458
Image_765.jpg,0.9987093,5,67.1508
Image_2774.jpg,0.99733585,61,77.6597
Image_2282.jpg,0.99311405,47,67.3259
Image_346.jpg,0.99743,34,78.9897
Image_1434.jpg,0.96906483,68,80.4054
Image_2611.jpg,0.4425738,15,76.3729
Image_1414.jpg,0.36784157,25,67.8392
Image_2151.jpg,0.9948198,53,78.9364
Image_904.jpg,0.9807523,3,68.0323
Image_57.jpg,0.99337596,67,76.8846
Image_831.jpg,0.87208676,21,67.1242
Image_1644.jpg,0.72061145,26,90.8794
Image_1557.jpg,0.9968334,43,67.6583
Image_1520.jpg,0.99332505,57,75.5968
Image_885.jpg,0.9672531,72,66.5665
Image_430.jpg,0.61470866,25,78.1134
Image_1970.jpg,0.99937856,62,67.5588
Image_2456.jpg,0.9971328,38,69.7130
Image_1580.jpg,0.99699473,22,82.5675
Image_997.jpg,0.9965088,7,73.6900
Image_129.jpg,0.9948763,64,67.1986
Image_731.jpg,0.9967637,65,72.1367
Image_1000.jpg,0.9915565,37,73.5575
Image_847.jpg,0.9996438,71,69.5878
Image_1539.jpg,0.98088765,11,75.5741
Image_1692.jpg,0.96960384,56,76.0636
Image_1149.jpg,0.99852484,2,75.4471
Image_1251.jpg,0.9935975,41,70.0295
Image_1450.jpg,0.9798283,64,78.1287
Image_1389.jpg,0.889877,2,66.9046
Image_994.jpg,0.9871569,0,75.4851
Image_198.jpg,0.9988813,30,68.9565
Image_1279.jpg,0.9973163,61,81.7278
Image_2781.jpg,0.87389964,30,69.4373
Image_2771.jpg,0.37974945,25,76.1565
Image_1758.jpg,0.9438131,31,68.5097
Image_28.jpg,0.9789539,44,72.2787
Image_551.jpg,0.9766193,59,69.2452
Image_1866.jpg,0.99730116,12,73.8514
Image_1767.jpg,0.9343424,20,74.5096
Image_99.jpg,0.8722448,38,76.7243
Image_1347.jpg,0.93648034,18,67.8392
Image_1208.jpg,0.9998822,14,74.7932
Image_1213.jpg,0.99729973,45,67.4767
Image_263.jpg,0.9961572,10,77.4350
Image_1021.jpg,0.9931452,35,78.3619
Image_961.jpg,0.7916953,8,79.2171
Image_1348.jpg,0.99646384,40,68.6200
Image_1556.jpg,0.9280881,55,76.5508
Image_2308.jpg,0.9379319,39,69.0037
Image_2773.jpg,0.99715185,21,76.5818
Image_2177.jpg,0.9958748,50,67.0532
Image_512.jpg,0.88275874,33,92.2895
Image_418.jpg,0.99654883,65,69.2930
Image_313.jpg,0.99668604,28,77.0271
Image_22.jpg,0.99283457,41,67.2993
Image_849.jpg,0.96931106,14,79.6632
Image_1764.jpg,0.99479276,62,67.8942
Image_1455.jpg,0.99295324,50,80.4910
Image_1461.jpg,0.9986364,34,74.9038
Image_1193.jpg,0.92575073,44,79.0987
Image_2447.jpg,0.99983215,37,69.8897
Image_1976.jpg,0.9992514,23,77.1745
Image_1521.jpg,0.96375006,39,69.2662
Image_2661.jpg,0.9993973,2,80.8348
Image_1804.jpg,0.8869856,44,77.5923
Image_756.jpg,0.998664,30,78.1991
Image_2300.jpg,0.99293303,4,67.7214
Image_297.jpg,0.9998301,14,77.6090
Image_933.jpg,0.99177116,23,67.6794
Image_566.jpg,0.997787,66,77.4388
Image_414.jpg,0.98665524,60,67.7051
Image_1883.jpg,0.9949988,54,94.6639
Image_1806.jpg,0.98801416,66,74.4125
Image_2218.jpg,0.924083,26,76.4753
Image_1476.jpg,0.9755375,66,67.7117
Image_1263.jpg,0.098301575,22,76.0599
Image_174.jpg,0.99686533,65,67.8020
Image_775.jpg,0.99040574,17,82.6559
Image_2109.jpg,0.91415143,36,77.9785
Image_2080.jpg,0.98,55,77.6246
Image_311.jpg,0.9863581,53,67.2474
Image_735.jpg,0.7809665,49,76.7771
Image_2741.jpg,0.99834156,62,67.4206
Image_2564.jpg,0.7178433,65,77.2986
Image_1765.jpg,0.995852,71,81.4205
Image_1553.jpg,0.9995491,7,77.4031
Image_588.jpg,0.99481684,37,69.6304
Image_1949.jpg,0.99735653,62,80.9103
Image_1662.jpg,0.38652667,24,68.0618
Image_1822.jpg,0.9991346,61,81.9070
Image_1055.jpg,0.99809843,50,68.1163
Image_1639.jpg,0.99765706,17,96.6295
Image_750.jpg,0.995993,1,68.2634
Image_1833.jpg,0.9910817,21,78.6965
Image_1255.jpg,0.77425253,35,68.7598
Image_637.jpg,0.9997776,32,76.5208
Image_178.jpg,0.96590817,33,67.4299
Image_1575.jpg,0.9935499,42,77.1951
Image_2101.jpg,0.9890683,33,73.7300
Image_672.jpg,0.9940394,7,78.3095
Image_2343.jpg,0.7123051,10,68.0043
Image_281.jpg,0.9329352,35,78.5681
Image_367.jpg,0.99696356,55,70.3160
Image_2570.jpg,0.9977558,74,78.1280
Image_558.jpg,0.5273626,68,79.1101
Image_161.jpg,0.99573094,59,76.4959
Image_2452.jpg,0.9805865,51,68.9828
Image_2777.jpg,0.9988918,23,80.0177
Image_151.jpg,0.9933762,62,67.4484
Image_1800.jpg,0.99884546,65,68.7901
Image_2595.jpg,0.9993407,4,73.9015
Image_2609.jpg,0.9990301,30,90.3975
Image_1697.jpg,0.8429337,55,74.3373
Image_1398.jpg,0.94503397,34,77.8959
Image_2196.jpg,0.99170375,33,68.8310
Image_1295.jpg,0.9987042,18,79.2757
Image_1093.jpg,0.9982066,17,67.6708
Image_1015.jpg,0.99605006,38,84.6009
Image_1565.jpg,0.99956506,9,70.7379
Image_2255.jpg,0.5621184,8,69.3061
Image_2100.jpg,0.97202706,44,73.5751
Image_188.jpg,0.9930674,25,81.9804
Image_2166.jpg,0.9951375,48,67.6696
Image_999.jpg,0.9224613,15,74.7752
Image_1449.jpg,0.9882321,45,73.0786
Image_1945.jpg,0.997526,28,81.2929
Image_1525.jpg,0.99839514,70,70.6394
Image_424.jpg,0.9941645,52,79.3095
Image_63.jpg,0.98943526,49,68.3016
Image_2332.jpg,0.30419037,30,79.9335
Image_1742.jpg,0.99925715,55,68.1359
Image_2597.jpg,0.9892161,29,94.8820
Image_2688.jpg,0.984611,12,68.5724
Image_316.jpg,0.984227,53,75.7196
Image_2195.jpg,0.99703574,63,68.6277
Image_1624.jpg,0.98375165,7,75.7445
Image_703.jpg,0.99727184,5,68.1747
Image_1569.jpg,0.9948256,3,79.0764
Image_2377.jpg,0.9554884,6,74.5034
Image_181.jpg,0.9917493,6,78.1030
Image_448.jpg,0.9995376,73,67.3976
Image_1937.jpg,0.9089094,15,70.5121
Image_1189.jpg,0.9964902,33,95.1267
Image_2769.jpg,0.99444914,58,78.0202
Image_1584.jpg,0.9117874,66,76.4230
Image_2677.jpg,0.99835557,12,75.9802
Image_862.jpg,0.998175,11,70.8438
Image_2215.jpg,0.9993635,50,76.3179
Image_2402.jpg,0.99826753,17,68.9710
Image_2086.jpg,0.99823403,26,77.1177
Image_2295.jpg,0.9985222,45,72.4014
Image_2078.jpg,0.98873377,69,85.7184
Image_1840.jpg,0.7041438,66,75.1907
Image_1439.jpg,0.99954647,73,75.6534
Image_515.jpg,0.9976368,36,69.1844
Image_1658.jpg,0.9979121,32,76.4940
Image_2306.jpg,0.99478453,13,67.5401
Image_2702.jpg,0.5922633,30,85.4811
Image_1964.jpg,0.96777624,54,67.8064
Image_6.jpg,0.9718722,66,69.7036
Image_587.jpg,0.99828315,23,73.1691
Image_1755.jpg,0.9984653,62,71.6820
Image_1184.jpg,0.9957761,19,76.3473
Image_1527.jpg,0.7860606,8,73.0091
Image_2586.jpg,0.9965977,47,80.7125
Image_227.jpg,0.9989034,65,73.1700
Image_421.jpg,0.99782807,45,75.9524
Image_333.jpg,0.9860345,47,78.4272
Image_1173.jpg,0.9987962,9,67.3676
Image_405.jpg,0.873619,60,73.1939
Image_2709.jpg,0.99686867,6,82.6917
Image_2355.jpg,0.998892,11,79.6525
Image_1241.jpg,0.39126992,36,73.7314
Image_2149.jpg,0.86111903,44,75.5508
Image_1977.jpg,0.97046685,6,69.6177
Image_1786.jpg,0.9922059,42,70.1022
Image_1355.jpg,0.99905986,21,71.8254
Image_470.jpg,0.9902394,21,79.8549
Image_743.jpg,0.9988519,2,73.8787
Image_1884.jpg,0.97943246,17,70.6258
Image_817.jpg,0.99571085,42,73.8935
Image_782.jpg,0.9964173,16,70.0851
Image_2493.jpg,0.99868315,70,75.8789
Image_1.jpg,0.972807,52,68.3197
Image_2210.jpg,0.9955804,11,84.5719
Image_2628.jpg,0.9812061,72,66.4750
Image_1218.jpg,0.9445623,15,76.3811
Image_2261.jpg,0.9961718,39,69.4442
Image_92.jpg,0.99873847,39,75.9278
Image_1322.jpg,0.9978871,18,67.9157
Image_2250.jpg,0.99868244,28,77.1081
Image_571.jpg,0.99989676,65,77.8667
Image_1532.jpg,0.9861265,47,85.6512
Image_1325.jpg,0.9970407,5,67.1855
Image_1954.jpg,0.9988815,24,76.9594
Image_2601.jpg,0.9761037,68,66.9721
Image_1247.jpg,0.997159,43,79.1770
Image_837.jpg,0.9926609,5,77.3775
Image_1983.jpg,0.9692778,35,79.7250
Image_2094.jpg,0.97753966,58,66.6575
Image_1158.jpg,0.9967834,45,74.4474
Image_932.jpg,0.97296304,72,67.1967
Image_122.jpg,0.64050907,7,71.1450
Image_712.jpg,0.9901957,64,67.8085
Image_2309.jpg,0.9945411,17,79.7245
Image_361.jpg,0.98607486,0,68.0573
Image_922.jpg,0.99921155,32,77.1986
Image_249.jpg,0.99786335,32,67.9780
Image_2386.jpg,0.99749666,34,71.6895
Image_2254.jpg,0.99777067,42,71.9327
Image_328.jpg,0.9415019,27,75.8313
Image_1137.jpg,0.9979498,55,76.4910
Image_2654.jpg,0.9273043,60,77.4742
Image_2504.jpg,0.72900385,44,76.5805
Image_1904.jpg,0.9977756,24,75.6335
Image_977.jpg,0.93141246,56,70.3956
Image_549.jpg,0.9996092,43,76.5108
Image_833.jpg,0.99476904,29,68.4185
Image_1153.jpg,0.9862766,49,87.0854
Image_554.jpg,0.9992514,73,67.4881
Image_415.jpg,0.9971597,50,77.4039
Image_1285.jpg,0.98741037,11,67.2445
Image_2103.jpg,0.9987312,67,76.1059
Image_636.jpg,0.9959538,28,78.2917
Image_1085.jpg,0.99788696,33,83.7215
Image_1935.jpg,0.9966487,72,74.6420
Image_1270.jpg,0.975327,19,77.6699
Image_521.jpg,0.8073601,31,69.8164
Image_725.jpg,0.9974015,45,76.8095
Image_805.jpg,0.9993735,12,68.2368
Image_2015.jpg,0.8867337,35,67.9116
Image_2234.jpg,0.98133886,25,84.6062
Image_2363.jpg,0.9979638,56,82.4856
Image_1327.jpg,0.9949962,27,68.9447
Image_1611.jpg,0.99379563,51,77.8834
Image_1793.jpg,0.998865,46,68.1375
Image_2529.jpg,0.9789908,34,68.6624
Image_2183.jpg,0.98870623,58,74.1011
Image_427.jpg,0.52365524,66,76.2650
Image_924.jpg,0.9930396,61,76.0821
Image_2510.jpg,0.7447392,65,80.9388
Image_2378.jpg,0.9164023,7,67.2059
Image_1560.jpg,0.9879104,36,71.7905
Image_1345.jpg,0.9955805,52,72.5934
Image_378.jpg,0.99169254,59,70.8732
Image_1770.jpg,0.99621814,60,80.0607
Image_1756.jpg,0.99940264,43,74.8135
Image_1709.jpg,0.7156854,21,73.3174
Image_2766.jpg,0.9971163,61,73.1806
Image_19.jpg,0.99752027,28,73.1094
Image_411.jpg,0.86539567,13,70.7892
Image_29.jpg,0.99503857,5,88.3294
Image_2348.jpg,0.9994893,71,73.2573
Image_2394.jpg,0.9933389,18,80.2676
Image_2106.jpg,0.9757681,65,76.8454
Image_398.jpg,0.9989813,53,69.2600
Image_33.jpg,0.99826694,58,71.1046
Image_3.jpg,0.9818788,0,75.2869
Image_383.jpg,0.9985869,69,75.9882
Image_358.jpg,0.99474007,7,75.0705
Image_539.jpg,0.9971495,62,72.6309
Image_1597.jpg,0.9845143,13,76.4887
Image_720.jpg,0.9773062,53,67.1300
Image_2224.jpg,0.998976,65,77.4981
Image_679.jpg,0.9995567,11,67.0044
Image_2128.jpg,0.9998299,73,79.6359
Image_416.jpg,0.9925708,42,68.0239
Image_796.jpg,0.8959439,48,78.3906
Image_1902.jpg,0.9944377,6,66.0149
Image_135.jpg,0.9973085,69,74.8124
Image_30.jpg,0.99848264,49,67.0787
Image_1562.jpg,0.9968298,6,75.4299
Image_2785.jpg,0.99207133,21,75.2976
Image_533.jpg,0.98384607,43,75.9121
Image_1111.jpg,0.9994815,62,67.2786
Image_1906.jpg,0.99728036,61,77.4921
Image_61.jpg,0.949531,38,67.6836
Image_13.jpg,0.77234155,24,76.8484
Image_2752.jpg,0.8332284,39,78.3937
